,x,y,icell1,iface,ele0,qf,ele,dt1,btime,cellp
0,1750.0,1004.1666666666667,70,3,0,2.5132215701200447,0,11.130899376669635,253.21568129356635,21
1,1750.0,1012.5,70,3,1,2.5132215701200447,1,11.130899376669635,355.5753447497371,21
2,1750.0,1020.8333333333333,70,3,2,2.5132215701200447,2,11.130899376669635,447.36416024986767,21
3,1750.0,1029.1666666666665,70,3,3,2.5132215701200447,3,11.130899376669635,514.8507177863671,21
4,1750.0,1037.5,70,3,4,2.5132215701200447,4,11.130899376669635,562.0089616636553,21
5,1750.0,1045.8333333333335,70,3,5,2.5132215701200447,5,11.130899376669635,595.0454117987612,119
6,1750.0,1054.1666666666665,70,3,6,2.5132215701200447,6,11.130899376669635,553.9791831591001,119
7,1750.0,1062.5,70,3,7,2.5132215701200447,7,11.130899376669635,517.0050267987599,119
8,1750.0,1070.8333333333335,70,3,8,2.5132215701200447,8,11.130899376669635,483.35001947750203,119
9,1750.0,1079.1666666666665,70,3,9,2.5132215701200447,9,11.130899376669635,452.4457873632081,119
10,1750.0,1087.5,70,3,10,2.5132215701200447,10,11.130899376669635,418.4371170442951,119
11,1750.0,1095.8333333333335,70,3,11,2.5132215701200447,11,11.130899376669635,381.76731249401627,119
12,1750.0,1104.1666666666665,70,3,12,2.5132215701200447,12,11.130899376669635,342.28320875922117,119
13,1750.0,1112.5,70,3,13,2.5132215701200447,13,11.130899376669635,303.6042464875572,119
14,1750.0,1120.8333333333335,70,3,14,2.5132215701200447,14,11.130899376669635,277.5086044510614,119
15,1750.0,1129.1666666666665,70,3,15,2.5132215701200447,15,11.130899376669635,268.61640448014504,119
16,1750.0,1137.5,70,3,16,2.5132215701200447,16,11.130899376669635,260.6497625331369,119
17,1750.0,1145.8333333333335,70,3,17,2.5132215701200447,17,11.130899376669635,253.43403779462133,119
18,1750.0,1154.1666666666665,70,3,18,2.5132215701200447,18,11.130899376669635,246.83978470819645,119
19,1750.0,1162.5,70,3,19,2.5132215701200447,19,11.130899376669635,240.7683891611243,119
20,1750.0,1170.8333333333335,70,3,20,2.5132215701200447,20,11.130899376669635,235.142993334596,119
21,1750.0,1179.1666666666665,70,3,21,2.5132215701200447,21,11.130899376669635,229.902531946525,119
22,1750.0,1187.5,70,3,22,2.5132215701200447,22,11.130899376669635,224.99768154365117,119
23,1750.0,1195.8333333333335,70,3,23,2.5132215701200447,23,11.130899376669635,220.38803063217242,119
24,1750.0,1204.1666666666665,70,3,24,2.5132215701200447,24,11.130899376669635,216.0400541009853,119
25,1750.0,1212.5,70,3,25,2.5132215701200447,25,11.130899376669635,211.92563231866458,119
26,1750.0,1220.8333333333335,70,3,26,2.5132215701200447,26,11.130899376669635,208.02094808379044,119
27,1750.0,1229.1666666666665,70,3,27,2.5132215701200447,27,11.130899376669635,204.30565133282596,119
28,1750.0,1237.5,70,3,28,2.5132215701200447,28,11.130899376669635,200.76221720807675,119
29,1750.0,1245.8333333333335,70,3,29,2.5132215701200447,29,11.130899376669635,197.37544614149223,119
30,1500.0,1002.6041666666667,70,1,30,2.5144141164339913,30,11.130899376669635,588.2486873909647,49
31,1500.0,1007.8125,70,1,31,2.5144141164339913,31,11.130899376669635,567.820441958753,49
32,1500.0,1013.0208333333333,70,1,32,2.5144141164339913,32,11.130899376669635,548.2989795876592,49
33,1500.0,1018.2291666666667,70,1,33,2.5144141164339913,33,11.130899376669635,526.0657789126408,49
34,1500.0,1023.4375,70,1,34,2.5144141164339913,34,11.130899376669635,500.19821671921375,49
35,1500.0,1028.6458333333335,70,1,35,2.5144141164339913,35,11.130899376669635,454.46944995102336,49
36,1500.0,1033.8541666666665,70,1,36,2.5144141164339913,36,11.130899376669635,402.3241672762541,49
37,1500.0,1039.0625,70,1,37,2.5144141164339913,37,11.130899376669635,383.83489399746844,49
38,1500.0,1044.2708333333335,70,1,38,2.5144141164339913,38,11.130899376669635,381.07364406645985,49
39,1500.0,1049.4791666666665,70,1,39,2.5144141164339913,39,11.130899376669635,378.44727189725546,49
40,1500.0,1054.6875,70,1,40,2.5144141164339913,40,11.130899376669635,375.9826413909371,49
41,1500.0,1059.8958333333335,70,1,41,2.5144141164339913,41,11.130899376669635,373.71247653559846,49
42,1500.0,1065.1041666666665,70,1,42,2.5144141164339913,42,11.130899376669635,371.67705955520347,49
43,1500.0,1070.3125,70,1,43,2.5144141164339913,43,11.130899376669635,368.38547340030397,49
44,1500.0,1075.5208333333335,70,1,44,2.5144141164339913,44,11.130899376669635,365.07782089289714,49
45,1500.0,1080.7291666666665,70,1,45,2.5144141164339913,45,11.130899376669635,362.04913482470255,49
46,1500.0,1085.9375,70,1,46,2.5144141164339913,46,11.130899376669635,359.35184322018046,49
47,1500.0,1091.1458333333335,70,1,47,2.5144141164339913,47,11.130899376669635,357.0491554025413,49
48,1500.0,1096.3541666666665,70,1,48,2.5144141164339913,48,11.130899376669635,355.21789831842403,49
49,1500.0,1101.5625,70,1,49,2.5144141164339913,49,11.130899376669635,353.8687188914854,49
50,1500.0,1106.7708333333335,70,1,50,2.5144141164339913,50,11.130899376669635,353.137641863817,49
51,1500.0,1111.9791666666665,70,1,51,2.5144141164339913,51,11.130899376669635,353.2562752473854,49
52,1500.0,1117.1875,70,1,52,2.5144141164339913,52,11.130899376669635,354.2400276812022,49
53,1500.0,1122.3958333333335,70,1,53,2.5144141164339913,53,11.130899376669635,356.10702473514,49
54,1500.0,1127.6041666666665,70,1,54,2.5144141164339913,54,11.130899376669635,358.81969958576894,49
55,1500.0,1132.8125,70,1,55,2.5144141164339913,55,11.130899376669635,361.5853041644475,49
56,1500.0,1138.0208333333335,70,1,56,2.5144141164339913,56,11.130899376669635,365.37036357246706,49
57,1500.0,1143.2291666666665,70,1,57,2.5144141164339913,57,11.130899376669635,370.08493946413535,49
58,1500.0,1148.4375,70,1,58,2.5144141164339913,58,11.130899376669635,375.655877847647,49
59,1500.0,1153.6458333333335,70,1,59,2.5144141164339913,59,11.130899376669635,382.0232699278085,49
60,1500.0,1158.8541666666665,70,1,60,2.5144141164339913,60,11.130899376669635,389.1378245057066,49
61,1500.0,1164.0625,70,1,61,2.5144141164339913,61,11.130899376669635,396.958886142586,49
62,1500.0,1169.2708333333335,70,1,62,2.5144141164339913,62,11.130899376669635,404.7990312357816,49
63,1500.0,1174.4791666666665,70,1,63,2.5144141164339913,63,11.130899376669635,411.06591879769553,49
64,1500.0,1179.6875,70,1,64,2.5144141164339913,64,11.130899376669635,417.6036008209679,49
65,1500.0,1184.8958333333335,70,1,65,2.5144141164339913,65,11.130899376669635,424.43654060150834,49
66,1500.0,1190.1041666666665,70,1,66,2.5144141164339913,66,11.130899376669635,434.22061604640345,49
67,1500.0,1195.3125,70,1,67,2.5144141164339913,67,11.130899376669635,489.82122676136123,49
68,1500.0,1200.5208333333335,70,1,68,2.5144141164339913,68,11.130899376669635,512.4274722297688,49
69,1500.0,1205.7291666666665,70,1,69,2.5144141164339913,69,11.130899376669635,535.7823040874201,49
70,1500.0,1210.9375,70,1,70,2.5144141164339913,70,11.130899376669635,555.2598550762575,49
71,1500.0,1216.1458333333335,70,1,71,2.5144141164339913,71,11.130899376669635,576.1680116927637,49
72,1500.0,1221.3541666666665,70,1,72,2.5144141164339913,72,11.130899376669635,598.5859127804022,49
73,1500.0,1226.5625,70,1,73,2.5144141164339913,73,11.130899376669635,622.6235214767439,49
74,1500.0,1231.7708333333335,70,1,74,2.5144141164339913,74,11.130899376669635,648.4256598106365,49
75,1500.0,1236.9791666666665,70,1,75,2.5144141164339913,75,11.130899376669635,676.1787404703466,49
76,1500.0,1242.1875,70,1,76,2.5144141164339913,76,11.130899376669635,702.5107477872799,49
77,1500.0,1247.3958333333335,70,1,77,2.5144141164339913,77,11.130899376669635,729.312186909321,49
78,1502.906976744186,1250.0,70,4,78,2.5184784087590226,78,11.130899376669635,754.7471047663262,49
79,1508.7209302325582,1250.0,70,4,79,2.5184784087590226,79,11.130899376669635,778.8377951204554,49
80,1514.5348837209303,1250.0,70,4,80,2.5184784087590226,80,11.130899376669635,855.3450491421645,49
81,1520.3488372093022,1250.0,70,4,81,2.5184784087590226,81,11.130899376669635,935.569082209546,49
82,1526.1627906976744,1250.0,70,4,82,2.5184784087590226,82,11.130899376669635,1010.6429534637927,49
83,1531.9767441860465,1250.0,70,4,83,2.5184784087590226,83,11.130899376669635,1067.850988994522,49
84,1537.7906976744187,1250.0,70,4,84,2.5184784087590226,84,11.130899376669635,1181.163696226304,49
85,1543.6046511627906,1250.0,70,4,85,2.5184784087590226,85,11.130899376669635,1356.259131904348,49
86,1549.4186046511627,1250.0,70,4,86,2.5184784087590226,86,11.130899376669635,1484.707438009282,49
87,1555.2325581395348,1250.0,70,4,87,2.5184784087590226,87,11.130899376669635,1629.8492348703894,49
88,1561.046511627907,1250.0,70,4,88,2.5184784087590226,88,11.130899376669635,1911.7150085819467,49
89,1566.860465116279,1250.0,70,4,89,2.5184784087590226,89,11.130899376669635,2600.7496582274866,49
90,1572.6744186046512,1250.0,70,4,90,2.5184784087590226,90,11.130899376669635,3609.2512127178156,49
91,1578.4883720930234,1250.0,70,4,91,2.5184784087590226,91,11.130899376669635,7304.669178268269,49
92,1584.3023255813953,1250.0,70,4,92,2.5184784087590226,92,11.130899376669635,2169.6356481415987,119
93,1590.1162790697674,1250.0,70,4,93,2.5184784087590226,93,11.130899376669635,1525.6659205572423,119
94,1595.9302325581396,1250.0,70,4,94,2.5184784087590226,94,11.130899376669635,898.1529881976135,119
95,1601.7441860465117,1250.0,70,4,95,2.5184784087590226,95,11.130899376669635,596.3731438784362,119
96,1607.5581395348836,1250.0,70,4,96,2.5184784087590226,96,11.130899376669635,477.4301289438036,119
97,1613.3720930232557,1250.0,70,4,97,2.5184784087590226,97,11.130899376669635,383.7412852594668,119
98,1619.1860465116279,1250.0,70,4,98,2.5184784087590226,98,11.130899376669635,354.8924584731671,119
99,1625.0,1250.0,70,4,99,2.5184784087590226,99,11.130899376669635,331.39423038836,119
100,1630.8139534883721,1250.0,70,4,100,2.5184784087590226,100,11.130899376669635,311.56898127120786,119
101,1636.6279069767443,1250.0,70,4,101,2.5184784087590226,101,11.130899376669635,294.4221877086993,119
102,1642.4418604651164,1250.0,70,4,102,2.5184784087590226,102,11.130899376669635,279.3155051684366,119
103,1648.2558139534883,1250.0,70,4,103,2.5184784087590226,103,11.130899376669635,265.81468310143356,119
104,1654.0697674418604,1250.0,70,4,104,2.5184784087590226,104,11.130899376669635,253.61087956976408,119
105,1659.8837209302326,1250.0,70,4,105,2.5184784087590226,105,11.130899376669635,242.476584090917,119
106,1665.6976744186045,1250.0,70,4,106,2.5184784087590226,106,11.130899376669635,232.23935057604336,119
107,1671.5116279069766,1250.0,70,4,107,2.5184784087590226,107,11.130899376669635,222.76534666798457,119
108,1677.3255813953488,1250.0,70,4,108,2.5184784087590226,108,11.130899376669635,213.94862176546368,119
109,1683.139534883721,1250.0,70,4,109,2.5184784087590226,109,11.130899376669635,205.70386247406734,119
110,1688.953488372093,1250.0,70,4,110,2.5184784087590226,110,11.130899376669635,197.96135816667336,119
111,1694.7674418604652,1250.0,70,4,111,2.5184784087590226,111,11.130899376669635,190.66341388160043,119
112,1700.5813953488373,1250.0,70,4,112,2.5184784087590226,112,11.130899376669635,181.68029671029558,119
113,1706.3953488372094,1250.0,70,4,113,2.5184784087590226,113,11.130899376669635,170.0431718531605,119
114,1712.2093023255813,1250.0,70,4,114,2.5184784087590226,114,11.130899376669635,163.24339280538206,119
115,1718.0232558139535,1250.0,70,4,115,2.5184784087590226,115,11.130899376669635,160.89677959077346,119
116,1723.8372093023256,1250.0,70,4,116,2.5184784087590226,116,11.130899376669635,162.37527911402557,119
117,1729.6511627906975,1250.0,70,4,117,2.5184784087590226,117,11.130899376669635,166.4868473854306,119
118,1735.4651162790697,1250.0,70,4,118,2.5184784087590226,118,11.130899376669635,172.7512121664105,119
119,1741.2790697674418,1250.0,70,4,119,2.5184784087590226,119,11.130899376669635,180.80462727661953,119
120,1747.093023255814,1250.0,70,4,120,2.5184784087590226,120,11.130899376669635,190.40716833100612,119
121,1503.2894736842104,1000.0,70,2,121,2.516234308708667,121,11.130899376669635,609.0785746960124,49
122,1509.8684210526317,1000.0,70,2,122,2.516234308708667,122,11.130899376669635,630.4506521738284,49
123,1516.4473684210525,1000.0,70,2,123,2.516234308708667,123,11.130899376669635,653.1314715808708,49
124,1523.0263157894738,1000.0,70,2,124,2.516234308708667,124,11.130899376669635,677.3328808353141,49
125,1529.6052631578946,1000.0,70,2,125,2.516234308708667,125,11.130899376669635,703.3358288042768,49
126,1536.1842105263158,1000.0,70,2,126,2.516234308708667,126,11.130899376669635,791.7604479041073,49
127,1542.7631578947367,1000.0,70,2,127,2.516234308708667,127,11.130899376669635,933.400992311022,49
128,1549.342105263158,1000.0,70,2,128,2.516234308708667,128,11.130899376669635,1047.7199454881656,49
129,1555.9210526315787,1000.0,70,2,129,2.516234308708667,129,11.130899376669635,1143.9312955543246,49
130,1562.5,1000.0,70,2,130,2.516234308708667,130,11.130899376669635,1246.9787405873637,49
131,1569.078947368421,1000.0,70,2,131,2.516234308708667,131,11.130899376669635,1392.6881531744204,49
132,1575.657894736842,1000.0,70,2,132,2.516234308708667,132,11.130899376669635,1692.2160264907861,49
133,1582.2368421052633,1000.0,70,2,133,2.516234308708667,133,11.130899376669635,601.5098649392881,21
134,1588.8157894736842,1000.0,70,2,134,2.516234308708667,134,11.130899376669635,431.69636356975826,21
135,1595.3947368421054,1000.0,70,2,135,2.516234308708667,135,11.130899376669635,338.2359716810604,21
136,1601.9736842105262,1000.0,70,2,136,2.516234308708667,136,11.130899376669635,270.75344314519003,21
137,1608.5526315789475,1000.0,70,2,137,2.516234308708667,137,11.130899376669635,216.53581886000813,21
138,1615.1315789473683,1000.0,70,2,138,2.516234308708667,138,11.130899376669635,188.18375108155382,21
139,1621.7105263157896,1000.0,70,2,139,2.516234308708667,139,11.130899376669635,186.70780663348077,21
140,1628.2894736842104,1000.0,70,2,140,2.516234308708667,140,11.130899376669635,185.42505995846122,21
141,1634.8684210526317,1000.0,70,2,141,2.516234308708667,141,11.130899376669635,184.34583886230357,21
142,1641.4473684210525,1000.0,70,2,142,2.516234308708667,142,11.130899376669635,183.48200502013856,21
143,1648.0263157894738,1000.0,70,2,143,2.516234308708667,143,11.130899376669635,182.84722318905918,21
144,1654.6052631578946,1000.0,70,2,144,2.516234308708667,144,11.130899376669635,182.39954965528364,21
145,1661.1842105263158,1000.0,70,2,145,2.516234308708667,145,11.130899376669635,182.15509799288867,21
146,1667.7631578947367,1000.0,70,2,146,2.516234308708667,146,11.130899376669635,182.11325410899914,21
147,1674.342105263158,1000.0,70,2,147,2.516234308708667,147,11.130899376669635,182.26966146710978,21
148,1680.9210526315787,1000.0,70,2,148,2.516234308708667,148,11.130899376669635,182.62056695491887,21
149,1687.5,1000.0,70,2,149,2.516234308708667,149,11.130899376669635,183.16277981851104,21
150,1694.078947368421,1000.0,70,2,150,2.516234308708667,150,11.130899376669635,183.89363686960317,21
151,1700.657894736842,1000.0,70,2,151,2.516234308708667,151,11.130899376669635,184.81097323175285,21
152,1707.2368421052633,1000.0,70,2,152,2.516234308708667,152,11.130899376669635,185.91309802371413,21
153,1713.8157894736842,1000.0,70,2,153,2.516234308708667,153,11.130899376669635,187.19877448914087,21
154,1720.3947368421054,1000.0,70,2,154,2.516234308708667,154,11.130899376669635,188.6672041760677,21
155,1726.9736842105262,1000.0,70,2,155,2.516234308708667,155,11.130899376669635,190.318014850628,21
156,1733.5526315789475,1000.0,70,2,156,2.516234308708667,156,11.130899376669635,192.15125190021186,21
157,1740.1315789473683,1000.0,70,2,157,2.516234308708667,157,11.130899376669635,194.16737304411748,21
158,1746.7105263157896,1000.0,70,2,158,2.516234308708667,158,11.130899376669635,196.36724622674032,21
159,2750.0,503.6764705882353,42,3,0,2.777126455114698,159,11.130899376669635,1960.0958509029667,91
160,2750.0,511.0294117647059,42,3,1,2.777126455114698,160,11.130899376669635,1649.5505361839973,91
161,2750.0,518.3823529411765,42,3,2,2.777126455114698,161,11.130899376669635,1364.8176685915275,91
162,2750.0,525.7352941176471,42,3,3,2.777126455114698,162,11.130899376669635,1156.5589408494106,91
163,2750.0,533.0882352941176,42,3,4,2.777126455114698,163,11.130899376669635,965.146978382098,91
164,2750.0,540.4411764705883,42,3,5,2.777126455114698,164,11.130899376669635,893.0347335365987,91
165,2750.0,547.7941176470588,42,3,6,2.777126455114698,165,11.130899376669635,817.7948841178601,91
166,2750.0,555.1470588235295,42,3,7,2.777126455114698,166,11.130899376669635,746.67004931248,91
167,2750.0,562.5,42,3,8,2.777126455114698,167,11.130899376669635,651.9140525233704,91
168,2750.0,569.8529411764705,42,3,9,2.777126455114698,168,11.130899376669635,570.9686611982311,91
169,2750.0,577.2058823529412,42,3,10,2.777126455114698,169,11.130899376669635,540.1120039841214,91
170,2750.0,584.5588235294117,42,3,11,2.777126455114698,170,11.130899376669635,511.60313633661065,91
171,2750.0,591.9117647058824,42,3,12,2.777126455114698,171,11.130899376669635,485.0985455534026,91
172,2750.0,599.2647058823529,42,3,13,2.777126455114698,172,11.130899376669635,460.32689072150043,91
173,2750.0,606.6176470588235,42,3,14,2.777126455114698,173,11.130899376669635,437.06971622184614,91
174,2750.0,613.9705882352941,42,3,15,2.777126455114698,174,11.130899376669635,415.14829708071073,91
175,2750.0,621.3235294117646,42,3,16,2.777126455114698,175,11.130899376669635,392.72648915947616,91
176,2750.0,628.6764705882354,42,3,17,2.777126455114698,176,11.130899376669635,368.4641450560796,91
177,2750.0,636.0294117647059,42,3,18,2.777126455114698,177,11.130899376669635,345.65750738276023,91
178,2750.0,643.3823529411765,42,3,19,2.777126455114698,178,11.130899376669635,324.14737489601856,91
179,2750.0,650.7352941176471,42,3,20,2.777126455114698,179,11.130899376669635,303.7996297561904,91
180,2750.0,658.0882352941176,42,3,21,2.777126455114698,180,11.130899376669635,274.96591258575194,91
181,2750.0,665.4411764705883,42,3,22,2.777126455114698,181,11.130899376669635,220.32002224687793,91
182,2750.0,672.7941176470588,42,3,23,2.777126455114698,182,11.130899376669635,215.20645053398405,91
183,2750.0,680.1470588235294,42,3,24,2.777126455114698,183,11.130899376669635,211.21881589876554,91
184,2750.0,687.5,42,3,25,2.777126455114698,184,11.130899376669635,207.42415407688864,91
185,2750.0,694.8529411764705,42,3,26,2.777126455114698,185,11.130899376669635,203.80464702830258,91
186,2750.0,702.2058823529412,42,3,27,2.777126455114698,186,11.130899376669635,200.34483601895974,91
187,2750.0,709.5588235294117,42,3,28,2.777126455114698,187,11.130899376669635,197.03122263782055,91
188,2750.0,716.9117647058823,42,3,29,2.777126455114698,188,11.130899376669635,193.85195074403234,91
189,2750.0,724.2647058823529,42,3,30,2.777126455114698,189,11.130899376669635,190.7965504107349,91
190,2750.0,731.6176470588235,42,3,31,2.777126455114698,190,11.130899376669635,187.8557299063239,91
191,2750.0,738.9705882352941,42,3,32,2.777126455114698,191,11.130899376669635,185.02120528864705,91
192,2750.0,746.3235294117646,42,3,33,2.777126455114698,192,11.130899376669635,182.28555973498567,91
193,2500.0,503.2894736842105,42,1,34,2.7682470575148237,193,11.130899376669635,393.16479280589675,21
194,2500.0,509.86842105263156,42,1,35,2.7682470575148237,194,11.130899376669635,381.9472274957514,21
195,2500.0,516.4473684210526,42,1,36,2.7682470575148237,195,11.130899376669635,371.88860331874287,21
196,2500.0,523.0263157894736,42,1,37,2.7682470575148237,196,11.130899376669635,363.1638842965203,21
197,2500.0,529.6052631578947,42,1,38,2.7682470575148237,197,11.130899376669635,356.0224426419492,21
198,2500.0,536.1842105263158,42,1,39,2.7682470575148237,198,11.130899376669635,350.8325933713305,21
199,2500.0,542.7631578947369,42,1,40,2.7682470575148237,199,11.130899376669635,346.4276987439023,21
200,2500.0,549.3421052631579,42,1,41,2.7682470575148237,200,11.130899376669635,344.6353425474133,21
201,2500.0,555.921052631579,42,1,42,2.7682470575148237,201,11.130899376669635,347.89451430728286,21
202,2500.0,562.5,42,1,43,2.7682470575148237,202,11.130899376669635,352.60573098034257,21
203,2500.0,569.078947368421,42,1,44,2.7682470575148237,203,11.130899376669635,357.12357006030146,21
204,2500.0,575.6578947368421,42,1,45,2.7682470575148237,204,11.130899376669635,362.13354183447905,21
205,2500.0,582.2368421052631,42,1,46,2.7682470575148237,205,11.130899376669635,367.59451585896215,21
206,2500.0,588.8157894736842,42,1,47,2.7682470575148237,206,11.130899376669635,373.46962228681986,21
207,2500.0,595.3947368421052,42,1,48,2.7682470575148237,207,11.130899376669635,379.34537748352017,21
208,2500.0,601.9736842105264,42,1,49,2.7682470575148237,208,11.130899376669635,382.4529698103312,21
209,2500.0,608.5526315789474,42,1,50,2.7682470575148237,209,11.130899376669635,385.56494829027145,21
210,2500.0,615.1315789473684,42,1,51,2.7682470575148237,210,11.130899376669635,388.6725338336659,21
211,2500.0,621.7105263157895,42,1,52,2.7682470575148237,211,11.130899376669635,391.76875282337636,21
212,2500.0,628.2894736842105,42,1,53,2.7682470575148237,212,11.130899376669635,394.84807051790625,21
213,2500.0,634.8684210526316,42,1,54,2.7682470575148237,213,11.130899376669635,397.9061053818404,21
214,2500.0,641.4473684210526,42,1,55,2.7682470575148237,214,11.130899376669635,400.9394047149335,21
215,2500.0,648.0263157894736,42,1,56,2.7682470575148237,215,11.130899376669635,472.55963000920144,21
216,2500.0,654.6052631578947,42,1,57,2.7682470575148237,216,11.130899376669635,582.8098658294035,21
217,2500.0,661.1842105263157,42,1,58,2.7682470575148237,217,11.130899376669635,683.0260187170411,21
218,2500.0,667.7631578947369,42,1,59,2.7682470575148237,218,11.130899376669635,751.9602411698255,21
219,2500.0,674.3421052631579,42,1,60,2.7682470575148237,219,11.130899376669635,844.7455090537453,119
220,2500.0,680.921052631579,42,1,61,2.7682470575148237,220,11.130899376669635,810.8281238928585,119
221,2500.0,687.5,42,1,62,2.7682470575148237,221,11.130899376669635,783.6843988068375,119
222,2500.0,694.078947368421,42,1,63,2.7682470575148237,222,11.130899376669635,762.3291485264289,119
223,2500.0,700.6578947368421,42,1,64,2.7682470575148237,223,11.130899376669635,746.1152302664854,119
224,2500.0,707.2368421052631,42,1,65,2.7682470575148237,224,11.130899376669635,746.9968361751055,119
225,2500.0,713.8157894736842,42,1,66,2.7682470575148237,225,11.130899376669635,773.7713480396646,119
226,2500.0,720.3947368421052,42,1,67,2.7682470575148237,226,11.130899376669635,757.8026265155222,119
227,2500.0,726.9736842105264,42,1,68,2.7682470575148237,227,11.130899376669635,790.6321719348556,119
228,2500.0,733.5526315789474,42,1,69,2.7682470575148237,228,11.130899376669635,827.756280281293,119
229,2500.0,740.1315789473684,42,1,70,2.7682470575148237,229,11.130899376669635,870.2176499230898,119
230,2500.0,746.7105263157895,42,1,71,2.7682470575148237,230,11.130899376669635,919.5250031678081,119
231,2502.9761904761904,750.0,42,4,72,2.7979825382098658,231,11.130899376669635,975.2809601963755,119
232,2508.9285714285716,750.0,42,4,73,2.7979825382098658,232,11.130899376669635,1041.6331605039638,119
233,2514.8809523809523,750.0,42,4,74,2.7979825382098658,233,11.130899376669635,1437.5482930757364,119
234,2520.833333333333,750.0,42,4,75,2.7979825382098658,234,11.130899376669635,1817.901906562153,119
235,2526.785714285714,750.0,42,4,76,2.7979825382098658,235,11.130899376669635,2155.560745848891,119
236,2532.7380952380954,750.0,42,4,77,2.7979825382098658,236,11.130899376669635,1253.0971434193575,91
237,2538.690476190476,750.0,42,4,78,2.7979825382098658,237,11.130899376669635,785.4589169916892,91
238,2544.642857142857,750.0,42,4,79,2.7979825382098658,238,11.130899376669635,543.0868300425655,91
239,2550.595238095238,750.0,42,4,80,2.7979825382098658,239,11.130899376669635,342.9356248362255,91
240,2556.5476190476193,750.0,42,4,81,2.7979825382098658,240,11.130899376669635,296.8728412709361,91
241,2562.5,750.0,42,4,82,2.7979825382098658,241,11.130899376669635,282.9037924686226,91
242,2568.4523809523807,750.0,42,4,83,2.7979825382098658,242,11.130899376669635,270.29838242796353,91
243,2574.404761904762,750.0,42,4,84,2.7979825382098658,243,11.130899376669635,258.8138965118257,91
244,2580.357142857143,750.0,42,4,85,2.7979825382098658,244,11.130899376669635,248.26715864971433,91
245,2586.309523809524,750.0,42,4,86,2.7979825382098658,245,11.130899376669635,238.5165214641685,91
246,2592.2619047619046,750.0,42,4,87,2.7979825382098658,246,11.130899376669635,229.45018998588225,91
247,2598.214285714286,750.0,42,4,88,2.7979825382098658,247,11.130899376669635,220.97838088711254,91
248,2604.166666666667,750.0,42,4,89,2.7979825382098658,248,11.130899376669635,213.02789808924172,91
249,2610.1190476190477,750.0,42,4,90,2.7979825382098658,249,11.130899376669635,205.5382827755981,91
250,2616.0714285714284,750.0,42,4,91,2.7979825382098658,250,11.130899376669635,198.4590194091709,91
251,2622.0238095238096,750.0,42,4,92,2.7979825382098658,251,11.130899376669635,191.747468178089,91
252,2627.9761904761904,750.0,42,4,93,2.7979825382098658,252,11.130899376669635,185.36730838500927,91
253,2633.9285714285716,750.0,42,4,94,2.7979825382098658,253,11.130899376669635,179.28734836980402,91
254,2639.8809523809523,750.0,42,4,95,2.7979825382098658,254,11.130899376669635,173.48060303844196,91
255,2645.833333333333,750.0,42,4,96,2.7979825382098658,255,11.130899376669635,167.9235698850038,91
256,2651.785714285714,750.0,42,4,97,2.7979825382098658,256,11.130899376669635,162.5956543615593,91
257,2657.7380952380954,750.0,42,4,98,2.7979825382098658,257,11.130899376669635,157.6087122383877,91
258,2663.690476190476,750.0,42,4,99,2.7979825382098658,258,11.130899376669635,153.54981595645177,91
259,2669.642857142857,750.0,42,4,100,2.7979825382098658,259,11.130899376669635,150.47189446569584,91
260,2675.595238095238,750.0,42,4,101,2.7979825382098658,260,11.130899376669635,148.36228400850464,91
261,2681.5476190476193,750.0,42,4,102,2.7979825382098658,261,11.130899376669635,147.2202410937306,91
262,2687.5,750.0,42,4,103,2.7979825382098658,262,11.130899376669635,147.0571222725932,91
263,2693.4523809523807,750.0,42,4,104,2.7979825382098658,263,11.130899376669635,147.89708244631177,91
264,2699.404761904762,750.0,42,4,105,2.7979825382098658,264,11.130899376669635,149.20151390744402,91
265,2705.357142857143,750.0,42,4,106,2.7979825382098658,265,11.130899376669635,151.11904726614014,91
266,2711.309523809524,750.0,42,4,107,2.7979825382098658,266,11.130899376669635,153.60551590570986,91
267,2717.2619047619046,750.0,42,4,108,2.7979825382098658,267,11.130899376669635,156.61050624183574,91
268,2723.214285714286,750.0,42,4,109,2.7979825382098658,268,11.130899376669635,160.09373467151931,91
269,2729.166666666667,750.0,42,4,110,2.7979825382098658,269,11.130899376669635,164.02282678876816,91
270,2735.1190476190477,750.0,42,4,111,2.7979825382098658,270,11.130899376669635,168.37169690915826,91
271,2741.0714285714284,750.0,42,4,112,2.7979825382098658,271,11.130899376669635,173.1193454618809,91
272,2747.0238095238096,750.0,42,4,113,2.7979825382098658,272,11.130899376669635,178.24895365877168,91
273,2504.310344827586,500.0,42,2,114,2.8575533012318215,273,11.130899376669635,401.17518322261236,21
274,2512.9310344827586,500.0,42,2,115,2.8575533012318215,274,11.130899376669635,405.35408523363583,21
275,2521.551724137931,500.0,42,2,116,2.8575533012318215,275,11.130899376669635,409.77149031382703,21
276,2530.1724137931033,500.0,42,2,117,2.8575533012318215,276,11.130899376669635,414.45627933142185,21
277,2538.793103448276,500.0,42,2,118,2.8575533012318215,277,11.130899376669635,419.44291904444736,21
278,2547.4137931034484,500.0,42,2,119,2.8575533012318215,278,11.130899376669635,456.3086558709282,21
279,2556.0344827586205,500.0,42,2,120,2.8575533012318215,279,11.130899376669635,472.6932587606118,21
280,2564.6551724137935,500.0,42,2,121,2.8575533012318215,280,11.130899376669635,488.6132277724816,21
281,2573.2758620689656,500.0,42,2,122,2.8575533012318215,281,11.130899376669635,507.33952999678286,21
282,2581.8965517241377,500.0,42,2,123,2.8575533012318215,282,11.130899376669635,529.7904322802501,21
283,2590.5172413793107,500.0,42,2,124,2.8575533012318215,283,11.130899376669635,553.2951901285629,21
284,2599.137931034483,500.0,42,2,125,2.8575533012318215,284,11.130899376669635,580.654944714168,21
285,2607.758620689655,500.0,42,2,126,2.8575533012318215,285,11.130899376669635,612.7683701666556,21
286,2616.379310344828,500.0,42,2,127,2.8575533012318215,286,11.130899376669635,650.8647572174978,21
287,2625.0,500.0,42,2,128,2.8575533012318215,287,11.130899376669635,687.6492077202317,21
288,2633.620689655172,500.0,42,2,129,2.8575533012318215,288,11.130899376669635,728.933508445863,21
289,2642.241379310345,500.0,42,2,130,2.8575533012318215,289,11.130899376669635,776.6456519245119,21
290,2650.862068965517,500.0,42,2,131,2.8575533012318215,290,11.130899376669635,2180.6386749634303,49
291,2659.4827586206893,500.0,42,2,132,2.8575533012318215,291,11.130899376669635,2641.110411524119,49
292,2668.1034482758623,500.0,42,2,133,2.8575533012318215,292,11.130899376669635,2995.4631526635944,49
293,2676.7241379310344,500.0,42,2,134,2.8575533012318215,293,11.130899376669635,3455.287510869659,49
294,2685.3448275862065,500.0,42,2,135,2.8575533012318215,294,11.130899376669635,4213.517157754029,49
295,2693.9655172413795,500.0,42,2,136,2.8575533012318215,295,11.130899376669635,36937.51322575153,119
296,2702.5862068965516,500.0,42,2,137,2.8575533012318215,296,11.130899376669635,11443.499282833965,119
297,2711.206896551724,500.0,42,2,138,2.8575533012318215,297,11.130899376669635,7320.793214327797,119
298,2719.8275862068967,500.0,42,2,139,2.8575533012318215,298,11.130899376669635,6139.324511577559,119
299,2728.448275862069,500.0,42,2,140,2.8575533012318215,299,11.130899376669635,5248.772932111779,119
300,2737.0689655172414,500.0,42,2,141,2.8575533012318215,300,11.130899376669635,5156.538206187427,119
301,2745.689655172414,500.0,42,2,142,2.8575533012318215,301,11.130899376669635,2500.985043470435,91
