,xst,yst,xin,yin,exitcell,exitface,dtau,tsum,line
0,4200.0,3529.166666666667,4200.0,3529.166666666667,60.0,3.0,69.81300089047195,69.81300089047195,0
1,4294.623419525302,3500.0,4200.0,3529.166666666667,61.0,2.0,47.04576996780283,116.8587708582748,0
2,4900.0,3116.1441767582774,4294.623419525302,3500.0,50.0,3.0,605.1944956165643,722.0532664748391,0
3,5600.0,3013.017468364757,4900.0,3116.1441767582774,51.0,3.0,884.8115901190968,1606.8648565939359,0
4,6300.0,2878.6029914752107,5600.0,3013.017468364757,52.0,3.0,1376.7735380807828,2983.6383946747187,0
5,6670.550918372815,2800.0,6300.0,2878.6029914752107,53.0,2.0,998.8133534833182,3982.451748158037,0
6,7000.0,2621.862002087607,6670.550918372815,2800.0,42.0,3.0,1686.8794799501907,5669.331228108227,0
7,7285.6414129245395,2100.0,7000.0,2621.862002087607,43.0,2.0,2233.214331792773,7902.545559901,0
8,7467.978008548864,1400.0,7285.6414129245395,2100.0,32.0,2.0,1720.219695973507,9622.765255874507,0
9,7546.7250097056185,700.0,7467.978008548864,1400.0,21.0,2.0,1053.4007877579552,10676.166043632462,0
10,,,,,,,363.6093796378748,11039.775423270337,0
11,4200.0,3587.5,4200.0,3587.5,60.0,3.0,69.81300089047195,69.81300089047195,1
12,4483.870258575904,3500.0,4200.0,3587.5,61.0,2.0,149.81264550330624,219.6256463937782,1
13,4900.0,3236.1413876558186,4483.870258575904,3500.0,50.0,3.0,415.36498147409816,634.9906278678764,1
14,5600.0,3210.8155965929645,4900.0,3236.1413876558186,51.0,3.0,884.8115901190968,1519.8022179869731,1
15,6300.0,3166.52082257608,5600.0,3210.8155965929645,52.0,3.0,1376.7735380807828,2896.5757560677557,1
16,7000.0,3172.9302176903893,6300.0,3166.52082257608,53.0,3.0,2159.158861337535,5055.734617405291,1
17,7672.053491328755,2800.0,7000.0,3172.9302176903893,54.0,2.0,9204.48748207681,14260.2220994821,1
18,7687.3500260280225,2100.0,7672.053491328755,2800.0,43.0,2.0,3375.8622277910868,17636.084327273187,1
19,7692.916589050323,1400.0,7687.3500260280225,2100.0,32.0,2.0,1720.219695973507,19356.304023246696,1
20,7695.320660176337,700.0,7692.916589050323,1400.0,21.0,2.0,1053.4007877579552,20409.704811004653,1
21,,,,,,,363.6093796378748,20773.314190642526,1
22,4200.0,3645.833333333333,4200.0,3645.833333333333,60.0,3.0,69.81300089047195,69.81300089047195,2
23,4673.117097626507,3500.0,4200.0,3645.833333333333,61.0,2.0,266.8375815359616,336.6505824264335,2
24,4900.0,3356.138598553364,4673.117097626507,3500.0,50.0,3.0,226.11864376901624,562.7692261954497,2
25,5600.0,3408.6137248211794,4900.0,3356.138598553364,51.0,3.0,884.8115901190968,1447.5808163145466,2
26,6300.0,3454.43865367696,5600.0,3408.6137248211794,52.0,3.0,1376.7735380807828,2824.354354395329,2
27,6524.190986362166,3500.0,6300.0,3454.43865367696,53.0,4.0,574.2241924436835,3398.5785468390127,2
28,7000.0,3747.336786056471,6524.190986362166,3500.0,64.0,3.0,1729.5126486785402,5128.0911955175525,2
29,7271.770248147343,4200.0,7000.0,3747.336786056471,65.0,4.0,2100.216765229267,7228.307960746819,2
30,7558.183501454693,4900.0,7271.770248147343,4200.0,76.0,4.0,1404.0513177585296,8632.359278505348,2
31,7579.697250454955,5600.0,7558.183501454693,4900.0,87.0,4.0,781.7577603742304,9414.117038879578,2
32,7608.548702015644,6300.0,7579.697250454955,5600.0,98.0,4.0,626.5182512002028,10040.635290079781,2
33,7640.168580989401,7000.0,7608.548702015644,6300.0,109.0,4.0,439.9140317686605,10480.54932184844,2
34,,,,,,,204.13158155108755,10684.680903399529,2
35,4200.0,3704.166666666667,4200.0,3704.166666666667,60.0,3.0,69.81300089047195,69.81300089047195,3
36,4862.363936677113,3500.0,4200.0,3704.166666666667,61.0,2.0,402.7242053307922,472.5372062212641,3
37,4900.0,3476.1358094509355,4862.363936677113,3500.0,50.0,3.0,37.4519103126734,509.98911653393753,3
38,5088.925931920355,3500.0,4900.0,3476.1358094509355,51.0,4.0,198.68783418543853,708.676950719376,3
39,5600.0,3562.8958578762345,5088.925931920355,3500.0,62.0,3.0,462.2073787581038,1170.8843294774797,3
40,6300.0,3683.7166751555746,5600.0,3562.8958578762345,63.0,3.0,912.1035298027355,2082.987859280215,3
41,6901.9420759382065,4200.0,6300.0,3683.7166751555746,64.0,4.0,1672.313428384466,3755.3012876646812,3
42,7000.0,4284.364582634604,6901.9420759382065,4200.0,75.0,3.0,183.99224523013436,3939.2935328948156,3
43,7411.755937031481,4900.0,7000.0,4284.364582634604,76.0,4.0,1127.2711187299203,5066.564651624736,3
44,7455.482939778902,5600.0,7411.755937031481,4900.0,87.0,4.0,781.7577603742304,5848.322411998966,3
45,7514.123927997461,6300.0,7455.482939778902,5600.0,98.0,4.0,626.5182512002028,6474.840663199169,3
46,7578.39178455476,7000.0,7514.123927997461,6300.0,109.0,4.0,439.9140317686605,6914.75469496783,3
47,,,,,,,204.13158155108755,7118.886276518918,3
48,4200.0,3762.5,4200.0,3762.5,60.0,3.0,69.81300089047195,69.81300089047195,4
49,4900.0,3577.9880635221657,4200.0,3762.5,61.0,3.0,432.56452628929867,502.3775271797706,4
50,5600.0,3679.8065459689547,4900.0,3577.9880635221657,62.0,3.0,618.2277528955318,1120.6052800753023,4
51,6300.0,3901.9708171742886,5600.0,3679.8065459689547,63.0,3.0,912.1035298027355,2032.7088098780378,4
52,6647.4764656680245,4200.0,6300.0,3901.9708171742886,64.0,4.0,773.4337253734989,2806.1425352515366,4
53,7000.0,4503.295232153309,6647.4764656680245,4200.0,75.0,3.0,728.2543183231363,3534.396853574673,4
54,7265.328372608257,4900.0,7000.0,4503.295232153309,76.0,4.0,605.3750692027469,4139.77192277742,4
55,7331.268629102839,5600.0,7265.328372608257,4900.0,87.0,4.0,781.7577603742304,4921.52968315165,4
56,7419.69915397927,6300.0,7331.268629102839,5600.0,98.0,4.0,626.5182512002028,5548.047934351853,4
57,7516.614988120116,7000.0,7419.69915397927,6300.0,109.0,4.0,439.9140317686605,5987.961966120513,4
58,,,,,,,204.13158155108755,6192.093547671601,4
59,4200.0,3820.833333333333,4200.0,3820.833333333333,60.0,3.0,69.81300089047195,69.81300089047195,5
60,4900.0,3675.335989053223,4200.0,3820.833333333333,61.0,3.0,432.56452628929867,502.3775271797706,5
61,5600.0,3796.7172340616717,4900.0,3675.335989053223,62.0,3.0,618.2277528955318,1120.6052800753023,5
62,6300.0,4120.224959192996,5600.0,3796.7172340616717,63.0,3.0,912.1035298027355,2032.7088098780378,5
63,6393.010855397846,4200.0,6300.0,4120.224959192996,64.0,4.0,176.68645890102536,2209.395268779063,5
64,7000.0,4722.225881672026,6393.010855397846,4200.0,75.0,3.0,1407.450153430293,3616.845422209356,5
65,7118.900808185035,4900.0,7000.0,4722.225881672026,76.0,4.0,236.5129646546454,3853.358386864001,5
66,7207.054318426779,5600.0,7118.900808185035,4900.0,87.0,4.0,781.7577603742304,4635.116147238232,5
67,7325.274379961081,6300.0,7207.054318426779,5600.0,98.0,4.0,626.5182512002028,5261.634398438435,5
68,7454.838191685472,7000.0,7325.274379961081,6300.0,109.0,4.0,439.9140317686605,5701.548430207095,5
69,,,,,,,204.13158155108755,5905.680011758183,5
70,4200.0,3879.166666666667,4200.0,3879.166666666667,60.0,3.0,69.81300089047195,69.81300089047195,6
71,4900.0,3772.6839145842814,4200.0,3879.166666666667,61.0,3.0,432.56452628929867,502.3775271797706,6
72,5600.0,3913.62792215439,4900.0,3772.6839145842814,62.0,3.0,618.2277528955318,1120.6052800753023,6
73,6155.984833094861,4200.0,5600.0,3913.62792215439,63.0,4.0,672.3226296386282,1792.9279097139306,6
74,6300.0,4458.132428180558,6155.984833094861,4200.0,74.0,3.0,492.57733771260536,2285.505247426536,6
75,6896.716906813212,4900.0,6300.0,4458.132428180558,75.0,4.0,1510.369625505305,3795.874872931841,6
76,7000.0,5053.926889333403,6896.716906813212,4900.0,86.0,3.0,690.9813059297784,4486.856178861619,6
77,7082.84000775072,5600.0,7000.0,5053.926889333403,87.0,4.0,598.4834616509925,5085.339640512611,6
78,7230.849605942893,6300.0,7082.84000775072,5600.0,98.0,4.0,626.5182512002028,5711.857891712814,6
79,7393.06139525083,7000.0,7230.849605942893,6300.0,109.0,4.0,439.9140317686605,6151.771923481475,6
80,,,,,,,204.13158155108755,6355.903505032563,6
81,4200.0,3937.5,4200.0,3937.5,60.0,3.0,69.81300089047195,69.81300089047195,7
82,4900.0,3870.031840115338,4200.0,3937.5,61.0,3.0,432.56452628929867,502.3775271797706,7
83,5600.0,4030.5386102471066,4900.0,3870.031840115338,62.0,3.0,618.2277528955318,1120.6052800753023,7
84,5929.005408650831,4200.0,5600.0,4030.5386102471066,63.0,4.0,359.7421277049849,1480.347407780287,7
85,6300.0,4864.969785924593,5929.005408650831,4200.0,74.0,3.0,1298.1153355817546,2778.4627433620417,7
86,6347.306302433574,4900.0,6300.0,4864.969785924593,75.0,4.0,155.09767999973303,2933.5604233617746,7
87,6838.593733846482,5600.0,6347.306302433574,4900.0,86.0,4.0,2992.323485780545,5925.88390914232,7
88,7000.0,5731.145349749714,6838.593733846482,5600.0,97.0,3.0,412.63463622292824,6338.5185453652475,7
89,7136.424831924757,6300.0,7000.0,5731.145349749714,98.0,4.0,495.30982290743844,6833.828368272686,7
90,7331.284598816222,7000.0,7136.424831924757,6300.0,109.0,4.0,439.9140317686605,7273.742400041347,7
91,,,,,,,204.13158155108755,7477.873981592435,7
92,4200.0,3995.833333333333,4200.0,3995.833333333333,60.0,3.0,69.81300089047195,69.81300089047195,8
93,4900.0,3967.3797656463953,4200.0,3995.833333333333,61.0,3.0,432.56452628929867,502.3775271797706,8
94,5600.0,4147.449298339823,4900.0,3967.3797656463953,62.0,3.0,618.2277528955318,1120.6052800753023,8
95,5702.025984206816,4200.0,5600.0,4147.449298339823,63.0,4.0,102.39051971008635,1222.9957997853887,8
96,6075.737198556691,4900.0,5702.025984206816,4200.0,74.0,4.0,1369.2350049376143,2592.230804723003,8
97,6300.0,5523.897887409039,6075.737198556691,4900.0,85.0,3.0,1081.760220185665,3673.991024908668,8
98,6354.018365283671,5600.0,6300.0,5523.897887409039,86.0,4.0,307.6986462736517,3981.6896711823197,8
99,7000.0,6124.871118300853,6354.018365283671,5600.0,97.0,3.0,1074.56639631161,5056.25606749393,8
100,7042.0000579066445,6300.0,7000.0,6124.871118300853,98.0,4.0,141.37647942750547,5197.632546921435,8
101,7269.507802381629,7000.0,7042.0000579066445,6300.0,109.0,4.0,439.9140317686605,5637.546578690096,8
102,,,,,,,204.13158155108755,5841.678160241184,8
103,4200.0,4054.166666666667,4200.0,4054.166666666667,60.0,3.0,69.81300089047195,69.81300089047195,9
104,4900.0,4064.727691177454,4200.0,4054.166666666667,61.0,3.0,432.56452628929867,502.3775271797706,9
105,5401.372284163534,4200.0,4900.0,4064.727691177454,62.0,4.0,431.00313799824085,933.3806651780114,9
106,5600.0,4458.767725101214,5401.372284163534,4200.0,73.0,3.0,825.142902449196,1758.5235676272073,9
107,5830.345233573935,4900.0,5600.0,4458.767725101214,74.0,4.0,875.4281600620425,2633.9517276892498,9
108,6145.379714642928,5600.0,5830.345233573935,4900.0,85.0,4.0,1193.3229262695072,3827.274653958757,9
109,6300.0,5697.066889213897,6145.379714642928,5600.0,96.0,3.0,147.17546151306178,3974.4501154718187,9
110,6936.018751882014,6300.0,6300.0,5697.066889213897,97.0,4.0,937.5680211134099,4912.018136585229,9
111,7000.0,6399.198518716072,6936.018751882014,6300.0,108.0,3.0,98.27955312172439,5010.297689706953,9
112,7207.731005947025,7000.0,7000.0,6399.198518716072,109.0,4.0,365.0314386303598,5375.329128337313,9
113,,,,,,,204.13158155108755,5579.460709888401,9
114,4200.0,4112.5,4200.0,4112.5,60.0,3.0,69.81300089047195,69.81300089047195,10
115,4900.0,4162.075616708511,4200.0,4112.5,61.0,3.0,432.56452628929867,502.3775271797706,10
116,5040.562653523491,4200.0,4900.0,4162.075616708511,62.0,4.0,115.38884306475721,617.7663702445278,10
117,5567.072735678058,4900.0,5040.562653523491,4200.0,73.0,4.0,2537.6578382706157,3155.4242085151436,10
118,5600.0,4919.551430953209,5567.072735678058,4900.0,84.0,3.0,86.98945210312313,3242.413660618267,10
119,5971.360522773888,5600.0,5600.0,4919.551430953209,85.0,4.0,1153.7744497663227,4396.18811038459,10
120,6300.0,5806.311944474502,5971.360522773888,5600.0,96.0,3.0,332.6537958213129,4728.841906205903,10
121,6820.778930991205,6300.0,6300.0,5806.311944474502,97.0,4.0,676.6703724961593,5405.512278702062,10
122,7000.0,6577.869924256524,6820.778930991205,6300.0,108.0,3.0,295.7603178354087,5701.27259653747,10
123,7145.954209512421,7000.0,7000.0,6577.869924256524,109.0,4.0,242.45185457921457,5943.724451116685,10
124,,,,,,,204.13158155108755,6147.8560326677725,10
125,4200.0,4170.833333333334,4200.0,4170.833333333334,60.0,3.0,69.81300089047195,69.81300089047195,11
126,4515.1948228061565,4200.0,4200.0,4170.833333333334,61.0,4.0,168.09740352617456,237.91040441664651,11
127,4900.0,4701.141908636389,4515.1948228061565,4200.0,72.0,3.0,2592.8939905752095,2830.804394991856,11
128,5030.073312087209,4900.0,4900.0,4701.141908636389,73.0,4.0,829.0283095025958,3659.8327044944517,11
129,5600.0,5238.408990743016,5030.073312087209,4900.0,84.0,3.0,1491.5844917473166,5151.417196241769,11
130,5797.341330904864,5600.0,5600.0,5238.408990743016,85.0,4.0,565.2678439850033,5716.685040226772,11
131,6300.0,5915.556999735093,5797.341330904864,5600.0,96.0,3.0,545.0203088395383,6261.70534906631,11
132,6705.539110100407,6300.0,6300.0,5915.556999735093,97.0,4.0,475.83103760141114,6737.536386667722,11
133,7000.0,6756.541329796944,6705.539110100407,6300.0,108.0,3.0,527.3573687988167,7264.893755466538,11
134,7084.177413077826,7000.0,7000.0,6756.541329796944,109.0,4.0,132.84385238599987,7397.737607852538,11
135,,,,,,,204.13158155108755,7601.869189403626,11
136,3500.0,3518.421052631579,3500.0,3518.421052631579,60.0,1.0,69.81300089047195,69.81300089047195,12
137,3435.0915235206962,3500.0,3500.0,3518.421052631579,59.0,2.0,19.983235951970432,89.79623684244238,12
138,2839.5375456096385,2800.0,3435.0915235206962,3500.0,48.0,2.0,800.6805053508142,890.4767421932565,12
139,2800.0,2743.2604829452093,2839.5375456096385,2800.0,37.0,1.0,71.22433631543349,961.70107850869,12
140,2174.1363560603836,2100.0,2800.0,2743.2604829452093,36.0,2.0,1117.1438291203474,2078.844907629037,12
141,2100.0,2038.9563412783475,2174.1363560603836,2100.0,25.0,1.0,107.30248448469854,2186.147392113736,12
142,1400.0,1539.2046708966093,2100.0,2038.9563412783475,24.0,1.0,858.1910953245595,3044.3384874382955,12
143,1224.885060192648,1400.0,1400.0,1539.2046708966093,23.0,2.0,200.18212185274882,3244.5206092910444,12
144,700.0,1083.7044997022076,1224.885060192648,1400.0,12.0,1.0,481.85205197430145,3726.372661265346,12
145,494.40812110443636,700.0,700.0,1083.7044997022076,11.0,2.0,194.9144030712827,3921.2870643366286,12
146,,,,,,,215.47222497059244,4136.7592893072215,12
147,3500.0,3555.2631578947367,3500.0,3555.2631578947367,60.0,1.0,69.81300089047195,69.81300089047195,13
148,3305.27457056209,3500.0,3500.0,3555.2631578947367,59.0,2.0,64.14718047772595,133.9601813681979,13
149,2800.0,2912.234980951198,3305.27457056209,3500.0,48.0,1.0,662.7440892353296,796.7042706035276,13
150,2641.16668669928,2800.0,2800.0,2912.234980951198,47.0,2.0,194.8467329382478,991.5510035417753,13
151,2100.0,2243.883211558831,2641.16668669928,2800.0,36.0,1.0,964.9719005241069,1956.5229040658824,13
152,1984.0486876121934,2100.0,2100.0,2243.883211558831,35.0,2.0,218.86799828584245,2175.390902351725,13
153,1400.0,1669.6190661304295,1984.0486876121934,2100.0,24.0,1.0,696.6601497380415,2872.0510520897665,13
154,1060.8280007255576,1400.0,1400.0,1669.6190661304295,23.0,2.0,422.13549372332864,3294.186545813095,13
155,700.0,1182.5652096688423,1060.8280007255576,1400.0,12.0,1.0,316.287631403226,3610.474177216321,13
156,441.4377777105913,700.0,700.0,1182.5652096688423,11.0,2.0,258.43848290088454,3868.9126601172056,13
157,,,,,,,215.47222497059244,4084.384885087798,13
158,3500.0,3592.105263157895,3500.0,3592.105263157895,60.0,1.0,69.81300089047195,69.81300089047195,14
159,3175.457617603479,3500.0,3500.0,3592.105263157895,59.0,2.0,115.41975398551843,185.2327548759904,14
160,2800.0,3063.2456754805144,3175.457617603479,3500.0,48.0,1.0,483.32957810907595,668.5623329850664,14
161,2427.4585472880703,2800.0,2800.0,3063.2456754805144,47.0,2.0,458.7939035635566,1127.356236548623,14
162,2100.0,2463.4951852336544,2427.4585472880703,2800.0,36.0,1.0,583.3526575859041,1710.708894134527,14
163,1807.069759439892,2100.0,2100.0,2463.4951852336544,35.0,2.0,613.47709472379,2324.185988858317,14
164,1400.0,1800.0334613642146,1807.069759439892,2100.0,24.0,1.0,466.741884870069,2790.927873728386,14
165,896.7709412585177,1400.0,1400.0,1800.0334613642146,23.0,2.0,692.1453857867684,3483.073259515155,14
166,700.0,1281.425919635452,896.7709412585177,1400.0,12.0,1.0,165.25141786437,3648.324677379525,14
167,388.4674343167599,700.0,700.0,1281.425919635452,11.0,2.0,330.0925089677379,3978.417186347263,14
168,,,,,,,215.47222497059244,4193.889411317856,14
169,3500.0,3628.9473684210525,3500.0,3628.9473684210525,60.0,1.0,69.81300089047195,69.81300089047195,15
170,3045.640664644868,3500.0,3500.0,3628.9473684210525,59.0,2.0,176.53670897026282,246.34970986073478,15
171,2800.0,3214.2563700098203,3045.640664644868,3500.0,48.0,1.0,310.52492547325403,556.8746353339889,15
172,2213.750407876882,2800.0,2800.0,3214.2563700098203,47.0,2.0,724.8166518889012,1281.69128722289,15
173,2100.0,2683.107158908465,2213.750407876882,2800.0,36.0,1.0,202.45088988834752,1484.1421771112375,15
174,1630.09083126762,2100.0,2100.0,2683.107158908465,35.0,2.0,1117.5046367229595,2601.646813834197,15
175,1400.0,1930.4478565979791,1630.09083126762,2100.0,24.0,1.0,254.2303092853249,2855.877123119522,15
176,732.7138817915129,1400.0,1400.0,1930.4478565979791,23.0,2.0,1036.9409717987885,3892.8180949183106,15
177,700.0,1380.2866296020457,732.7138817915129,1400.0,12.0,1.0,26.398139579146445,3919.216234497457,15
178,335.4970909229378,700.0,700.0,1380.2866296020457,11.0,2.0,412.2671460678388,4331.483380565296,15
179,,,,,,,215.47222497059244,4546.955605535889,15
180,3500.0,3665.789473684211,3500.0,3665.789473684211,60.0,1.0,69.81300089047195,69.81300089047195,16
181,2915.8237116862506,3500.0,3500.0,3665.789473684211,59.0,2.0,252.19851733038587,322.01151822085785,16
182,2800.0,3365.267064539123,2915.8237116862506,3500.0,48.0,1.0,143.86035605216796,465.8718742730258,16
183,2100.0,2872.466408734526,2800.0,3365.267064539123,47.0,1.0,867.2702457059036,1333.1421199789293,16
184,1916.3249387414996,2800.0,2100.0,2872.466408734526,46.0,2.0,242.19630684026117,1575.3384268191903,16
185,1453.1119030953698,2100.0,1916.3249387414996,2800.0,35.0,2.0,1455.9474613017062,3031.2858881208967,16
186,1400.0,2060.8622518317284,1453.1119030953698,2100.0,24.0,1.0,56.674253006322054,3087.960141127219,16
187,700.0,1655.325926360086,1400.0,2060.8622518317284,23.0,1.0,1118.7189644628786,4206.679105590098,16
188,608.6417897967887,1400.0,700.0,1655.325926360086,22.0,2.0,252.8936482855666,4459.572753875665,16
189,282.5267475291228,700.0,608.6417897967887,1400.0,11.0,2.0,430.1989769372171,4889.771730812881,16
190,,,,,,,215.47222497059244,5105.243955783474,16
191,3500.0,3702.6315789473683,3500.0,3702.6315789473683,60.0,1.0,69.81300089047195,69.81300089047195,17
192,2800.0,3511.4970757977244,3500.0,3702.6315789473683,59.0,1.0,339.2390544401173,409.05205533058927,17
193,2776.108169814955,3500.0,2800.0,3511.4970757977244,58.0,2.0,20.93340184335061,429.9854571739399,17
194,2100.0,3027.398509961242,2776.108169814955,3500.0,47.0,1.0,838.0328610203753,1268.0183181943153,17
195,1523.630396805861,2800.0,2100.0,3027.398509961242,46.0,2.0,858.7859938365614,2126.8043120308766,17
196,1400.0,2582.8194224682893,1523.630396805861,2800.0,35.0,1.0,585.947384768784,2712.7516967996607,17
197,952.2531888869082,2100.0,1400.0,2582.8194224682893,34.0,2.0,2843.0656379631732,5555.817334762834,17
198,700.0,1974.2463409994768,952.2531888869082,2100.0,23.0,1.0,524.5519623948212,6080.369297157656,17
199,494.5288256568675,1400.0,700.0,1974.2463409994768,22.0,2.0,628.3440858918792,6708.713383049535,17
200,229.55640413531228,700.0,494.5288256568675,1400.0,11.0,2.0,430.1989769372171,7138.912359986752,17
201,,,,,,,215.47222497059244,7354.3845849573445,17
202,3500.0,3739.4736842105267,3500.0,3739.4736842105267,60.0,1.0,69.81300089047195,69.81300089047195,18
203,2800.0,3618.156806659524,3500.0,3739.4736842105267,59.0,1.0,339.2390544401173,409.05205533058927,18
204,2554.4608377309933,3500.0,2800.0,3618.156806659524,58.0,2.0,249.73239361387306,658.7844489444624,18
205,2100.0,3182.330611187973,2554.4608377309933,3500.0,47.0,1.0,565.5827880027969,1224.3672369472592,18
206,1400.0,2966.3457548904917,2100.0,3182.330611187973,46.0,1.0,1090.4938764296733,2314.8611133769327,18
207,742.4333533899701,2800.0,1400.0,2966.3457548904917,45.0,2.0,1512.5573899340397,3827.4185033109725,18
208,700.0,2752.3769625346267,742.4333533899701,2800.0,34.0,1.0,364.051841530092,4191.470344841065,18
209,592.3729043767269,2100.0,700.0,2752.3769625346267,33.0,2.0,1019.5561009833943,5211.026445824459,18
210,380.41586151687693,1400.0,592.3729043767269,2100.0,22.0,2.0,800.8508747767576,6011.8773206012165,18
211,176.5860607414695,700.0,380.41586151687693,1400.0,11.0,2.0,430.1989769372171,6442.076297538433,18
212,,,,,,,215.47222497059244,6657.548522509026,18
213,3500.0,3776.315789473684,3500.0,3776.315789473684,60.0,1.0,69.81300089047195,69.81300089047195,19
214,2800.0,3724.8165375213207,3500.0,3776.315789473684,59.0,1.0,339.2390544401173,409.05205533058927,19
215,2332.8135056470396,3500.0,2800.0,3724.8165375213207,58.0,2.0,581.8541446561065,990.9061999866958,19
216,2100.0,3337.2627124147034,2332.8135056470396,3500.0,47.0,1.0,290.9206951926497,1281.8268951793455,19
217,1400.0,3209.124553931699,2100.0,3337.2627124147034,46.0,1.0,1090.4938764296733,2372.3207716090187,19
218,700.0,3128.277301433314,1400.0,3209.124553931699,45.0,1.0,1629.1521368200356,4001.4729084290543,19
219,496.60826568865593,2800.0,700.0,3128.277301433314,44.0,2.0,668.5276606510928,4670.000569080147,19
220,414.67939884007484,2100.0,496.60826568865593,2800.0,33.0,2.0,1101.0980958422956,5771.098664922443,19
221,266.30289737682574,1400.0,414.67939884007484,2100.0,22.0,2.0,800.8508747767576,6571.949539699201,19
222,123.6157173475986,700.0,266.30289737682574,1400.0,11.0,2.0,430.1989769372171,7002.148516636417,19
223,,,,,,,215.47222497059244,7217.62074160701,19
224,3500.0,3813.1578947368425,3500.0,3813.1578947368425,60.0,1.0,69.81300089047195,69.81300089047195,20
225,2800.0,3831.4762683831204,3500.0,3813.1578947368425,59.0,1.0,339.2390544401173,409.05205533058927,20
226,2111.1661735630832,3500.0,2800.0,3831.4762683831204,58.0,2.0,1197.2762439751498,1606.3282993057392,20
227,2100.0,3492.194813641447,2111.1661735630832,3500.0,47.0,1.0,14.01036963748138,1620.3386689432205,20
228,1400.0,3451.903352972927,2100.0,3492.194813641447,46.0,1.0,1090.4938764296733,2710.832545372894,20
229,700.0,3471.7408035589815,1400.0,3451.903352972927,45.0,1.0,1629.1521368200356,4339.9846821929295,20
230,283.80757229625715,2800.0,700.0,3471.7408035589815,44.0,2.0,1758.151014415935,6098.135696608864,20
231,236.98589330338922,2100.0,283.80757229625715,2800.0,33.0,2.0,1101.0980958422956,7199.233792451159,20
232,152.18993323675295,1400.0,236.98589330338922,2100.0,22.0,2.0,800.8508747767576,8000.084667227917,20
233,70.64537395371767,700.0,152.18993323675295,1400.0,11.0,2.0,430.1989769372171,8430.283644165134,20
234,,,,,,,215.47222497059244,8645.755869135726,20
235,3500.0,3850.0,3500.0,3850.0,60.0,1.0,69.81300089047195,69.81300089047195,21
236,2800.0,3938.1359992449175,3500.0,3850.0,59.0,1.0,339.2390544401173,409.05205533058927,21
237,2100.0,4041.551742263903,2800.0,3938.1359992449175,58.0,1.0,1247.1473025334055,1656.199357863995,21
238,1516.224172211592,4200.0,2100.0,4041.551742263903,57.0,4.0,3265.1632786192486,4921.3626364832435,21
239,1400.0,4225.255196191665,1516.224172211592,4200.0,68.0,1.0,412.49367782504623,5333.85631430829,21
240,969.4547824376988,4200.0,1400.0,4225.255196191665,67.0,2.0,1990.3953161648872,7324.251630473177,21
241,700.0,4174.553923228473,969.4547824376988,4200.0,56.0,1.0,1674.9585413999632,8999.210171873141,21
242,186.65044429768886,3500.0,700.0,4174.553923228473,55.0,2.0,5509.049820443957,14508.259992317098,21
243,71.0068789036195,2800.0,186.65044429768886,3500.0,44.0,2.0,1882.160398603015,16390.420390920113,21
244,59.292387766504184,2100.0,71.0068789036195,2800.0,33.0,2.0,1101.0980958422956,17491.51848676241,21
245,38.07696909655207,1400.0,59.292387766504184,2100.0,22.0,2.0,800.8508747767576,18292.369361539168,21
246,17.67503055977728,700.0,38.07696909655207,1400.0,11.0,2.0,430.1989769372171,18722.568338476383,21
247,,,,,,,215.47222497059244,18938.040563446975,21
248,3500.0,3886.842105263158,3500.0,3886.842105263158,60.0,1.0,69.81300089047195,69.81300089047195,22
249,2800.0,4044.7957301067154,3500.0,3886.842105263158,59.0,1.0,339.2390544401173,409.05205533058927,22
250,2332.1738886521503,4200.0,2800.0,4044.7957301067154,58.0,4.0,583.0632259326851,992.1152812632744,22
251,2100.0,4417.9014345775395,2332.1738886521503,4200.0,69.0,1.0,554.6479667383869,1546.7632480016614,22
252,1400.0,4681.819722591509,2100.0,4417.9014345775395,68.0,1.0,2089.571033439844,3636.3342814415055,22
253,999.8209547638637,4900.0,1400.0,4681.819722591509,67.0,4.0,1815.3596319119665,5451.693913353472,22
254,759.17208184241,5600.0,999.8209547638637,4900.0,78.0,4.0,3215.570895765103,8667.264809118577,22
255,700.0,5670.211433608033,759.17208184241,5600.0,89.0,1.0,227.20653153942374,8894.471340658,22
256,234.6436181418585,6300.0,700.0,5670.211433608033,88.0,4.0,2953.5920056693863,11848.063346327386,22
257,103.93739845246259,7000.0,234.6436181418585,6300.0,99.0,4.0,1292.9006042808064,13140.963950608193,22
258,,,,,,,520.9925439587458,13661.956494566939,22
259,3500.0,3923.684210526316,3500.0,3923.684210526316,60.0,1.0,69.81300089047195,69.81300089047195,23
260,2800.0,4151.455460968514,3500.0,3923.684210526316,59.0,1.0,339.2390544401173,409.05205533058927,23
261,2653.674110010701,4200.0,2800.0,4151.455460968514,58.0,4.0,138.5585315897186,547.6105869203079,23
262,2100.0,4719.638033200777,2653.674110010701,4200.0,69.0,1.0,1283.2639957850708,1830.8745827053788,23
263,1726.3659597807068,4900.0,2100.0,4719.638033200777,68.0,4.0,1007.4113097160928,2838.2858924214715,23
264,1400.0,5227.019788088796,1726.3659597807068,4900.0,79.0,1.0,1501.4125644355634,4339.698456857035,23
265,1160.8173046488253,5600.0,1400.0,5227.019788088796,78.0,4.0,1421.1109725136148,5760.80942937065,23
266,700.0,6146.789002234958,1160.8173046488253,5600.0,89.0,1.0,1708.382544462674,7469.191973833324,23
267,586.7910289491457,6300.0,700.0,6146.789002234958,88.0,4.0,476.70802300617,7945.899996839494,23
268,259.92410732153564,7000.0,586.7910289491457,6300.0,99.0,4.0,1292.9006042808064,9238.8006011203,23
269,,,,,,,520.9925439587458,9759.793145079046,23
270,3500.0,3960.5263157894738,3500.0,3960.5263157894738,60.0,1.0,69.81300089047195,69.81300089047195,24
271,2854.139536744141,4200.0,3500.0,3960.5263157894738,59.0,4.0,295.59043367981644,365.40343457028837,24
272,2800.0,4344.171275336894,2854.139536744141,4200.0,70.0,1.0,117.40566422837713,482.8090987986655,24
273,2212.5008358897794,4900.0,2800.0,4344.171275336894,69.0,4.0,1329.0796518755976,1811.888750674263,24
274,2100.0,5073.083961021011,2212.5008358897794,4900.0,80.0,1.0,387.3984156877039,2199.287166361967,24
275,1573.808165518757,5600.0,2100.0,5073.083961021011,79.0,4.0,2090.944547352813,4290.23171371478,24
276,1400.0,5771.027613496392,1573.808165518757,5600.0,90.0,1.0,604.7851345411354,4895.016848255916,24
277,946.1487719645628,6300.0,1400.0,5771.027613496392,89.0,4.0,1614.1730755383226,6509.189923794238,24
278,700.0,6490.003504634799,946.1487719645628,6300.0,100.0,1.0,532.9748154444009,7042.1647392386385,24
279,415.91081619050794,7000.0,700.0,6490.003504634799,99.0,4.0,826.6162585489401,7868.780997787579,24
280,,,,,,,520.9925439587458,8389.773541746325,24
281,3500.0,3997.3684210526317,3500.0,3997.3684210526317,60.0,1.0,69.81300089047195,69.81300089047195,25
282,2953.502684937355,4200.0,3500.0,3997.3684210526317,59.0,4.0,228.33126974365354,298.1442706341255,25
283,2800.0,4608.771097537148,2953.502684937355,4200.0,70.0,1.0,340.33184269850614,638.4761133326317,25
284,2492.17723163667,4900.0,2800.0,4608.771097537148,69.0,4.0,678.282462908803,1316.7585762414346,25
285,2100.0,5503.369638430294,2492.17723163667,4900.0,80.0,1.0,1311.822675606714,2628.581251848149,25
286,2003.5024492336954,5600.0,2100.0,5503.369638430294,79.0,4.0,343.80271679983656,2972.3839686479855,25
287,1400.0,6193.847724723441,2003.5024492336954,5600.0,90.0,1.0,2188.0228141971747,5160.406782845161,25
288,1308.9227685182727,6300.0,1400.0,6193.847724723441,89.0,4.0,314.24312189325053,5474.649904738411,25
289,700.0,6770.030620697302,1308.9227685182727,6300.0,100.0,1.0,1238.4543593906935,6713.104264129105,25
290,571.8975250594675,7000.0,700.0,6770.030620697302,99.0,4.0,320.9240456900702,7034.028309819176,25
291,,,,,,,520.9925439587458,7555.020853777922,25
292,3500.0,4034.210526315789,3500.0,4034.210526315789,60.0,1.0,69.81300089047195,69.81300089047195,26
293,3052.8658331305655,4200.0,3500.0,4034.210526315789,59.0,4.0,172.8094558881768,242.62245677864877,26
294,2800.0,4873.370919737384,3052.8658331305655,4200.0,70.0,1.0,573.6679645500218,816.2904213286706,26
295,2771.8536273835216,4900.0,2800.0,4873.370919737384,69.0,4.0,60.47593128903634,876.766352617707,26
296,2297.3791377173757,5600.0,2771.8536273835216,4900.0,80.0,4.0,1512.3046501966187,2389.0710028143258,26
297,2100.0,5975.115583346224,2297.3791377173757,5600.0,91.0,1.0,772.2072897655198,3161.2782925798456,26
298,1769.058260714598,6300.0,2100.0,5975.115583346224,90.0,4.0,1254.521588494145,4415.79988107399,26
299,1400.0,6464.514224555644,1769.058260714598,6300.0,101.0,1.0,733.5692798310997,5149.369160905089,26
300,747.8237163634557,7000.0,1400.0,6464.514224555644,100.0,4.0,1295.352863840953,6444.722024746043,26
301,700.0,7039.751744416164,747.8237163634557,7000.0,111.0,1.0,88.68612322196319,6533.408147968006,26
302,,,,,,,520.9925439587458,7054.400691926752,26
303,3500.0,4071.0526315789475,3500.0,4071.0526315789475,60.0,1.0,69.81300089047195,69.81300089047195,27
304,3152.2289813237767,4200.0,3500.0,4071.0526315789475,59.0,4.0,125.53073706236475,195.3437379528367,27
305,2900.717404114921,4900.0,3152.2289813237767,4200.0,70.0,4.0,597.7655189474567,793.1092569002934,27
306,2800.0,5235.946535310115,2900.717404114921,4900.0,81.0,1.0,353.0012904535508,1146.1105473538441,27
307,2551.9215110809746,5600.0,2800.0,5235.946535310115,80.0,4.0,768.7258374177893,1914.8363847716334,27
308,2183.1041027464753,6300.0,2551.9215110809746,5600.0,91.0,4.0,1439.0469877456412,3353.8833725172744,27
309,2100.0,6416.972092628114,2183.1041027464753,6300.0,102.0,1.0,255.1064026036926,3608.989775120967,27
310,1400.0,6684.176327327293,2100.0,6416.972092628114,101.0,1.0,1570.6656917371872,5179.655466858154,27
311,1015.3535377158634,7000.0,1400.0,6684.176327327293,100.0,4.0,728.4512176944526,5908.106684552607,27
312,700.0,7262.126287650735,1015.3535377158634,7000.0,111.0,1.0,711.664842365727,6619.771526918334,27
313,,,,,,,520.9925439587458,7140.76407087708,27
314,3500.0,4107.894736842105,3500.0,4107.894736842105,60.0,1.0,69.81300089047195,69.81300089047195,28
315,3251.592129516984,4200.0,3500.0,4107.894736842105,59.0,4.0,84.36093751758072,154.17393840805266,28
316,3012.7051510298843,4900.0,3251.592129516984,4200.0,70.0,4.0,597.7655189474567,751.9394573555094,28
317,2806.215738727803,5600.0,3012.7051510298843,4900.0,81.0,4.0,915.2685169361433,1667.2079742916526,28
318,2800.0,5612.1484018402425,2806.215738727803,5600.0,92.0,1.0,24.287727549852427,1691.495701841505,28
319,2436.1548051928535,6300.0,2800.0,5612.1484018402425,91.0,4.0,1414.0002732143507,3105.4959750558555,28
320,2100.0,6773.150298371699,2436.1548051928535,6300.0,102.0,1.0,1317.4148724154877,4422.910847471343,28
321,1400.0,6903.83843009896,2100.0,6773.150298371699,101.0,1.0,1570.6656917371872,5993.57653920853,28
322,1282.8833590683416,7000.0,1400.0,6903.83843009896,100.0,4.0,212.2362512056262,6205.812790414157,28
323,700.0,7484.500830885374,1282.8833590683416,7000.0,111.0,1.0,1787.12413283259,7992.936923246747,28
324,,,,,,,520.9925439587458,8513.929467205493,28
325,3500.0,4144.736842105263,3500.0,4144.736842105263,60.0,1.0,69.81300089047195,69.81300089047195,29
326,3350.955277710192,4200.0,3500.0,4144.736842105263,59.0,4.0,47.90050252558717,117.71350341605913,29
327,3124.6928979448485,4900.0,3350.955277710192,4200.0,70.0,4.0,597.7655189474567,715.4790223635158,29
328,3050.986340917319,5600.0,3124.6928979448485,4900.0,81.0,4.0,915.2685169361433,1630.7475392996591,29
329,2800.0,6090.542324798505,3050.986340917319,5600.0,92.0,1.0,1604.4466155546875,3235.1941548543464,29
330,2689.205507639358,6300.0,2800.0,6090.542324798505,91.0,4.0,429.7131248893703,3664.9072797437166,29
331,2411.5652241238704,7000.0,2689.205507639358,6300.0,102.0,4.0,2484.862136425333,6149.76941616905,29
332,2800.0,7655.247181923364,2411.5652241238704,7000.0,113.0,3.0,13379.344632824012,19529.114048993062,29
333,3500.0,7661.3912579788985,2800.0,7655.247181923364,114.0,3.0,7616.211154478694,27145.325203471755,29
334,4200.0,7689.876496021467,3500.0,7661.3912579788985,115.0,3.0,3368.481125216203,30513.80632868796,29
335,4900.0,7695.678462917135,4200.0,7689.876496021467,116.0,3.0,1177.1473615258399,31690.9536902138,29
336,5600.0,7695.735174320968,4900.0,7695.678462917135,117.0,3.0,787.3124555495907,32478.26614576339,29
337,6300.0,7696.0769709352835,5600.0,7695.735174320968,118.0,3.0,749.9212299155741,33228.187375678965,29
338,7000.0,7697.45302780225,6300.0,7696.0769709352835,119.0,3.0,575.2176261152572,33803.40500179422,29
339,,,,,,,204.13158155108755,34007.53658334531,29
340,3500.0,4181.578947368422,3500.0,4181.578947368422,60.0,1.0,69.81300089047195,69.81300089047195,30
341,3450.3184259033997,4200.0,3500.0,4181.578947368422,59.0,4.0,15.181780124898197,84.99478101537015,30
342,3236.6806448598118,4900.0,3450.3184259033997,4200.0,70.0,4.0,597.7655189474567,682.7602999628268,30
343,3295.7569431068328,5600.0,3236.6806448598118,4900.0,81.0,4.0,915.2685169361433,1598.02881689897,30
344,3500.0,6063.236673565979,3295.7569431068328,5600.0,92.0,3.0,1450.0847995816794,3048.1136164806494,30
345,3602.1011028660987,6300.0,3500.0,6063.236673565979,93.0,4.0,446.3596631158184,3494.473279596468,30
346,3708.7430714058137,7000.0,3602.1011028660987,6300.0,104.0,4.0,1819.1897576282477,5313.6630372247155,30
347,4200.0,7362.445648796802,3708.7430714058137,7000.0,115.0,3.0,1835.3353098777213,7148.998347102437,30
348,4900.0,7555.904274913097,4200.0,7362.445648796802,116.0,3.0,1177.1473615258399,8326.145708628277,30
349,5600.0,7557.795238868602,4900.0,7555.904274913097,117.0,3.0,787.3124555495907,9113.458164177868,30
350,6300.0,7569.191978044415,5600.0,7557.795238868602,118.0,3.0,749.9212299155741,9863.379394093441,30
351,7000.0,7615.074706389517,6300.0,7569.191978044415,119.0,3.0,575.2176261152572,10438.597020208697,30
352,,,,,,,204.13158155108755,10642.728601759785,30
353,3543.75,4200.0,3543.75,4200.0,60.0,4.0,69.81300089047195,69.81300089047195,31
354,3500.0,4384.547238497738,3543.75,4200.0,71.0,1.0,140.53871503199593,210.3517159224679,31
355,3347.333582766941,4900.0,3500.0,4384.547238497738,70.0,4.0,446.97926816541195,657.3309840878799,31
356,3500.0,5529.093357021274,3347.333582766941,4900.0,81.0,3.0,782.505282437081,1439.8362665249608,31
357,3531.41852215191,5600.0,3500.0,5529.093357021274,82.0,4.0,114.63067861180004,1554.4669451367608,31
358,3838.651309111658,6300.0,3531.41852215191,5600.0,93.0,4.0,1253.2211985470983,2807.6881436838594,31
359,4147.251385697583,7000.0,3838.651309111658,6300.0,104.0,4.0,1819.1897576282477,4626.8779013121075,31
360,4200.0,7038.9175289368095,4147.251385697583,7000.0,115.0,3.0,143.94161794586677,4770.819519257974,31
361,4900.0,7417.7960892207575,4200.0,7038.9175289368095,116.0,3.0,1177.1473615258399,5947.966880783814,31
362,5600.0,7421.4994428286755,4900.0,7417.7960892207575,117.0,3.0,787.3124555495907,6735.279336333405,31
363,6300.0,7443.819358035083,5600.0,7421.4994428286755,118.0,3.0,749.9212299155741,7485.200566248979,31
364,7000.0,7533.678272089614,6300.0,7443.819358035083,119.0,3.0,575.2176261152572,8060.418192364236,31
365,,,,,,,204.13158155108755,8264.549773915323,31
366,3631.25,4200.0,3631.25,4200.0,60.0,4.0,69.81300089047195,69.81300089047195,32
367,3500.0,4753.641715493214,3631.25,4200.0,71.0,1.0,470.0711880889531,539.8841889794251,32
368,3456.651711666249,4900.0,3500.0,4753.641715493214,70.0,4.0,131.03154800719744,670.9157369866225,32
369,3500.0,5078.6255335210835,3456.651711666249,4900.0,81.0,3.0,174.40570551065304,845.3214424972755,32
370,3731.019472032004,5600.0,3500.0,5078.6255335210835,82.0,4.0,736.5712698551692,1581.8927123524447,32
371,4072.348004622855,6300.0,3731.019472032004,5600.0,93.0,4.0,1253.2211985470983,2835.113910899543,32
372,4200.0,6568.42311346229,4072.348004622855,6300.0,104.0,3.0,572.7401055700271,3407.85401646957,32
373,4409.082448010552,7000.0,4200.0,6568.42311346229,105.0,4.0,1000.1158861796232,4407.9699026491935,32
374,4900.0,7281.353905839829,4409.082448010552,7000.0,116.0,3.0,710.8589984721552,5118.828901121349,32
375,5600.0,7286.847786200906,4900.0,7281.353905839829,117.0,3.0,787.3124555495907,5906.14135667094,32
376,6300.0,7319.959110907026,5600.0,7286.847786200906,118.0,3.0,749.9212299155741,6656.062586586514,32
377,7000.0,7453.263724902372,6300.0,7319.959110907026,119.0,3.0,575.2176261152572,7231.280212701771,32
378,,,,,,,204.13158155108755,7435.411794252859,32
379,3718.75,4200.0,3718.75,4200.0,60.0,4.0,69.81300089047195,69.81300089047195,33
380,3580.9455722100074,4900.0,3718.75,4200.0,71.0,4.0,624.5203188029693,694.3333196934412,33
381,3930.620421912109,5600.0,3580.9455722100074,4900.0,82.0,4.0,944.2047299767331,1638.5380496701744,33
382,4200.0,6123.862556000522,3930.620421912109,5600.0,93.0,3.0,918.7907817644844,2557.3288314346587,33
383,4397.771368897486,6300.0,4200.0,6123.862556000522,94.0,4.0,611.0248956467298,3168.3537270813886,33
384,4647.152228678925,7000.0,4397.771368897486,6300.0,105.0,4.0,1842.8444224695215,5011.19814955091,33
385,4900.0,7144.911722458859,4647.152228678925,7000.0,116.0,3.0,320.7559292349905,5331.9540787859005,33
386,5600.0,7152.1961295730935,4900.0,7144.911722458859,117.0,3.0,787.3124555495907,6119.266534335491,33
387,6300.0,7196.0988637789305,5600.0,7152.1961295730935,118.0,3.0,749.9212299155741,6869.187764251065,33
388,7000.0,7372.849177715105,6300.0,7196.0988637789305,119.0,3.0,575.2176261152572,7444.4053903663225,33
389,,,,,,,204.13158155108755,7648.5369719174105,33
390,3806.25,4200.0,3806.25,4200.0,60.0,4.0,69.81300089047195,69.81300089047195,34
391,3715.07987389728,4900.0,3806.25,4200.0,71.0,4.0,624.5203188029693,694.3333196934412,34
392,4130.221371792215,5600.0,3715.07987389728,4900.0,82.0,4.0,944.2047299767331,1638.5380496701744,34
393,4200.0,5735.698521716515,4130.221371792215,5600.0,93.0,3.0,227.99481601206384,1866.5328656822383,34
394,4833.611305449169,6300.0,4200.0,5735.698521716515,94.0,4.0,1801.9568848100453,3668.4897504922837,34
395,4885.222009347319,7000.0,4833.611305449169,6300.0,105.0,4.0,1842.8444224695215,5511.334172961805,34
396,4900.0,7008.469539077889,4885.222009347319,7000.0,116.0,3.0,16.833591663904993,5528.16776462571,34
397,5600.0,7017.544472945282,4900.0,7008.469539077889,117.0,3.0,787.3124555495907,6315.480220175301,34
398,6300.0,7072.238616650835,5600.0,7017.544472945282,118.0,3.0,749.9212299155741,7065.401450090875,34
399,7000.0,7292.434630527838,6300.0,7072.238616650835,119.0,3.0,575.2176261152572,7640.619076206132,34
400,,,,,,,204.13158155108755,7844.75065775722,34
401,3893.75,4200.0,3893.75,4200.0,60.0,4.0,69.81300089047195,69.81300089047195,35
402,3849.214175584553,4900.0,3893.75,4200.0,71.0,4.0,624.5203188029693,694.3333196934412,35
403,4200.0,5460.580743880115,3849.214175584553,4900.0,82.0,3.0,723.8323878198803,1418.1657075133216,35
404,4411.101672891586,5600.0,4200.0,5460.580743880115,83.0,4.0,394.2505447275822,1812.4162522409038,35
405,4900.0,6047.927974763736,4411.101672891586,5600.0,94.0,3.0,1317.172708059024,3129.5889602999277,35
406,5600.0,6150.692916397073,4900.0,6047.927974763736,95.0,3.0,1377.647635064088,4507.236595364016,35
407,6033.329362891031,6300.0,5600.0,6150.692916397073,96.0,4.0,566.2592817201323,5073.495877084148,35
408,6300.0,6673.982979446517,6033.329362891031,6300.0,107.0,3.0,2117.5705092526446,7191.066386336792,35
409,6395.547546605492,7000.0,6300.0,6673.982979446517,108.0,4.0,509.92398176949547,7700.990368106287,35
410,7000.0,7212.020083340514,6395.547546605492,7000.0,119.0,3.0,480.4671681973077,8181.457536303595,35
411,,,,,,,204.13158155108755,8385.589117854683,35
412,3981.25,4200.0,3981.25,4200.0,60.0,4.0,69.81300089047195,69.81300089047195,36
413,3983.3484772718252,4900.0,3981.25,4200.0,71.0,4.0,624.5203188029693,694.3333196934412,36
414,4200.0,5246.22457157757,3983.3484772718252,4900.0,82.0,3.0,420.4741037397065,1114.8074234331477,36
415,4735.669080773859,5600.0,4200.0,5246.22457157757,83.0,4.0,1087.8747938796134,2202.682217312761,36
416,4900.0,5750.559762139891,4735.669080773859,5600.0,94.0,3.0,417.05388886138456,2619.736106174146,36
417,5600.0,5958.504966502261,4900.0,5750.559762139891,95.0,3.0,1377.647635064088,3997.3837412382336,36
418,6300.0,6243.037317916445,5600.0,5958.504966502261,96.0,3.0,830.14414118551,4827.527882423744,36
419,6360.08847965805,6300.0,6300.0,6243.037317916445,97.0,4.0,56.18098170186581,4883.70886412561,36
420,6624.803047170131,7000.0,6360.08847965805,6300.0,108.0,4.0,925.2902133333826,5808.999077458992,36
421,7000.0,7131.605536153193,6624.803047170131,7000.0,119.0,3.0,277.3355127810348,6086.334590240027,36
422,,,,,,,204.13158155108755,6290.466171791115,36
423,4068.75,4200.0,4068.75,4200.0,60.0,4.0,69.81300089047195,69.81300089047195,37
424,4117.482778959098,4900.0,4068.75,4200.0,71.0,4.0,624.5203188029693,694.3333196934412,37
425,4200.0,5031.868399275014,4117.482778959098,4900.0,82.0,3.0,151.5055070412864,845.8388267347276,37
426,4900.0,5446.523480632059,4200.0,5031.868399275014,83.0,3.0,1490.8463708973586,2336.6851976320863,37
427,5154.278471298028,5600.0,4900.0,5446.523480632059,84.0,4.0,658.835585329434,2995.52078296152,37
428,5600.0,5766.317016607421,5154.278471298028,5600.0,95.0,3.0,805.3686807555844,3800.8894637171043,37
429,6300.0,6133.894201696005,5600.0,5766.317016607421,96.0,3.0,830.14414118551,4631.033604902615,37
430,6475.220767656852,6300.0,6300.0,6133.894201696005,97.0,4.0,175.04728316199083,4806.0808880646055,37
431,6854.058547734787,7000.0,6475.220767656852,6300.0,108.0,4.0,925.2902133333826,5731.371101397988,37
432,7000.0,7051.190988965863,6854.058547734787,7000.0,119.0,3.0,101.12803566496905,5832.499137062958,37
433,,,,,,,204.13158155108755,6036.630718614046,37
434,4156.25,4200.0,4156.25,4200.0,60.0,4.0,69.81300089047195,69.81300089047195,38
435,4200.0,4595.562283221241,4156.25,4200.0,71.0,3.0,319.76198454116525,389.5749854316372,38
436,4435.704674214806,4900.0,4200.0,4595.562283221241,72.0,4.0,1556.648971103249,1946.2239565348864,38
437,4900.0,5135.648744922237,4435.704674214806,4900.0,83.0,3.0,1048.0201781775377,2994.244134712424,38
438,5600.0,5557.117783920383,4900.0,5135.648744922237,84.0,3.0,1827.8799173864263,4822.12405209885,38
439,5623.403329664336,5600.0,5600.0,5557.117783920383,85.0,4.0,62.42220212962756,4884.546254228478,38
440,6300.0,6024.751085475589,5623.403329664336,5600.0,96.0,3.0,793.2880239582282,5677.834278186706,38
441,6590.353055655629,6300.0,6300.0,6024.751085475589,97.0,4.0,312.5782471295665,5990.412525316272,38
442,7000.0,6935.129374165773,6590.353055655629,6300.0,108.0,3.0,807.2264387192107,6797.638964035483,38
443,7022.429439308571,7000.0,7000.0,6935.129374165773,109.0,4.0,33.767013777579535,6831.405977813062,38
444,,,,,,,204.13158155108755,7035.53755936415,38
445,3519.4444444444443,3500.0,3519.4444444444443,3500.0,60.0,2.0,69.81300089047195,69.81300089047195,39
446,3500.0,3405.999532032972,3519.4444444444443,3500.0,49.0,1.0,30.149247909139014,99.96224879961096,39
447,2994.8789222526266,2800.0,3500.0,3405.999532032972,48.0,2.0,700.7791580609118,800.7414068605227,39
448,2800.0,2520.3332740493506,2994.8789222526266,2800.0,37.0,1.0,360.2890567125554,1161.0304635730781,39
449,2391.034547371653,2100.0,2800.0,2520.3332740493506,36.0,2.0,730.6855414727429,1891.716005045821,39
450,2100.0,1860.363005008013,2391.034547371653,2100.0,25.0,1.0,433.2570721215834,2324.9730771674044,39
451,1400.0,1407.635217868209,2100.0,1860.363005008013,24.0,1.0,858.1910953245595,3183.1641724919637,39
452,1390.3951447261384,1400.0,1400.0,1407.635217868209,23.0,2.0,10.18772476593142,3193.351897257895,39
453,700.0,983.9681974865766,1390.3951447261384,1400.0,12.0,1.0,666.7527314326566,3860.1046286905516,39
454,547.8476136892797,700.0,700.0,983.9681974865766,11.0,2.0,137.38173127487659,3997.486359965428,39
455,,,,,,,215.47222497059244,4212.958584936021,39
456,3558.333333333333,3500.0,3558.333333333333,3500.0,60.0,2.0,69.81300089047195,69.81300089047195,40
457,3500.0,3217.998596098917,3558.333333333333,3500.0,49.0,1.0,97.8147528885634,167.62775377903534,40
458,3151.584052136073,2800.0,3500.0,3217.998596098917,48.0,2.0,494.3580894917615,661.9858432707969,40
459,2800.0,2295.4489709775016,3151.584052136073,2800.0,37.0,1.0,668.0404875084387,1330.0263307792356,40
460,2609.836903675229,2100.0,2800.0,2295.4489709775016,36.0,2.0,340.08616449915064,1670.1124952783862,40
461,2100.0,1680.201784852934,2609.836903675229,2100.0,25.0,1.0,781.9494184542564,2452.0619137326426,40
462,1664.1294958130507,1400.0,2100.0,1680.201784852934,24.0,2.0,564.3177048126668,3016.3796185453093,40
463,1400.0,1259.4278076105302,1664.1294958130507,1400.0,13.0,1.0,326.45659288670225,3342.8362114320116,40
464,700.0,883.3563030219148,1400.0,1259.4278076105302,12.0,1.0,678.1173756943502,4020.953587126362,40
465,601.7562554651399,700.0,700.0,883.3563030219148,11.0,2.0,84.7710030182105,4105.724590144572,40
466,,,,,,,215.47222497059244,4321.196815115165,40
467,3597.222222222222,3500.0,3597.222222222222,3500.0,60.0,2.0,69.81300089047195,69.81300089047195,41
468,3500.0,3029.99766016486,3597.222222222222,3500.0,49.0,1.0,178.47312210557146,248.28612299604342,41
469,3308.2891820195064,2800.0,3500.0,3029.99766016486,48.0,2.0,278.4341164943313,526.7202394903748,41
470,2824.352856007111,2100.0,3308.2891820195064,2800.0,37.0,2.0,950.1554402981825,1476.8756797885571,41
471,2800.0,2071.426717963822,2824.352856007111,2100.0,26.0,1.0,42.519722177312296,1519.3954019658695,41
472,2100.0,1500.040564697883,2800.0,2071.426717963822,25.0,1.0,1103.2020484981806,2622.59745046405,41
473,1944.3809649645887,1400.0,2100.0,1500.040564697883,24.0,2.0,214.72562305930296,2837.323073523353,41
474,1400.0,1110.2753499581604,1944.3809649645887,1400.0,13.0,1.0,704.5167831839374,3541.83985670729,41
475,700.0,782.7444085572771,1400.0,1110.2753499581604,12.0,1.0,678.1173756943502,4219.95723240164,41
476,655.6648972409874,700.0,700.0,782.7444085572771,11.0,2.0,36.67716611328022,4256.63439851492,41
477,,,,,,,215.47222497059244,4472.1066234855125,41
478,3636.1111111111113,3500.0,3636.1111111111113,3500.0,60.0,2.0,69.81300089047195,69.81300089047195,42
479,3500.0,2841.996724230803,3636.1111111111113,3500.0,49.0,1.0,278.3287688111597,348.1417697016317,42
480,3464.9943119029253,2800.0,3500.0,2841.996724230803,48.0,2.0,52.089876139399905,400.2316458410316,42
481,3010.407323930785,2100.0,3464.9943119029253,2800.0,37.0,2.0,950.1554402981825,1350.387086139214,42
482,2800.0,1853.128429478801,3010.407323930785,2100.0,26.0,1.0,381.8680149761896,1732.2551011154037,42
483,2223.5104345845293,1400.0,2800.0,1853.128429478801,25.0,2.0,923.3090521385222,2655.5641532539257,42
484,2100.0,1316.3910537542201,2223.5104345845293,1400.0,14.0,1.0,193.44217266734523,2849.006325921271,42
485,1400.0,961.1228923058011,2100.0,1316.3910537542201,13.0,1.0,930.8866913190889,3779.8930172403598,42
486,764.4670314711071,700.0,1400.0,961.1228923058011,12.0,2.0,625.7035063811088,4405.596523621469,42
487,700.0,676.5460828390578,764.4670314711071,700.0,1.0,1.0,68.92652591595157,4474.523049537421,42
488,,,,,,,215.47222497059244,4689.995274508014,42
489,3675.0,3500.0,3675.0,3500.0,60.0,2.0,69.81300089047195,69.81300089047195,43
490,3562.2044731249707,2800.0,3675.0,3500.0,49.0,2.0,304.2853419069526,374.0983427974246,43
491,3500.0,2574.2458828795175,3562.2044731249707,2800.0,38.0,1.0,155.1767597101131,529.2751025075377,43
492,3196.461791854443,2100.0,3500.0,2574.2458828795175,37.0,2.0,661.1701318699218,1190.4452343774594,43
493,2800.0,1634.8301409937865,3196.461791854443,2100.0,26.0,1.0,749.9645174857183,1940.4097518631777,43
494,2501.238948781758,1400.0,2800.0,1634.8301409937865,25.0,2.0,496.96383365470314,2437.3735855178807,43
495,2100.0,1128.385979587426,2501.238948781758,1400.0,14.0,1.0,706.8858042219005,3144.259389739781,43
496,1400.0,811.9704346534495,2100.0,1128.385979587426,13.0,1.0,930.8866913190889,4075.1460810588696,43
497,1127.4811790938454,700.0,1400.0,811.9704346534495,12.0,2.0,296.4713972390121,4371.6174782978815,43
498,700.0,544.4769685599325,1127.4811790938454,700.0,1.0,1.0,508.1640193565585,4879.78149765444,43
499,,,,,,,215.47222497059244,5095.253722625032,43
500,3713.8888888888887,3500.0,3713.8888888888887,3500.0,60.0,2.0,69.81300089047195,69.81300089047195,44
501,3642.301471905718,2800.0,3713.8888888888887,3500.0,49.0,2.0,304.2853419069526,374.0983427974246,44
502,3500.0,2283.5557389823025,3642.301471905718,2800.0,38.0,1.0,397.80295049274224,771.9012932901669,44
503,3382.516259778103,2100.0,3500.0,2283.5557389823025,37.0,2.0,265.35284651306404,1037.2541398032308,44
504,2800.0,1416.5318525087548,3382.516259778103,2100.0,26.0,1.0,1152.1347203617017,2189.3888601649323,44
505,2778.9674629789924,1400.0,2800.0,1416.5318525087548,25.0,2.0,36.42777547469171,2225.816635639624,44
506,2100.0,940.3809054206158,2778.9674629789924,1400.0,14.0,1.0,1387.5013068087628,3613.317942448387,44
507,1514.2122067957637,700.0,2100.0,940.3809054206158,13.0,2.0,792.9633079585227,4406.28125040691,44
508,1400.0,648.248994694392,1514.2122067957637,700.0,2.0,1.0,196.0506129045872,4602.331863311497,44
509,700.0,412.4078542807822,1400.0,648.248994694392,1.0,1.0,914.7025784589292,5517.034441770426,44
510,,,,,,,215.47222497059244,5732.506666741019,44
511,3752.777777777778,3500.0,3752.777777777778,3500.0,60.0,2.0,69.81300089047195,69.81300089047195,45
512,3722.3984706864658,2800.0,3752.777777777778,3500.0,49.0,2.0,304.2853419069526,374.0983427974246,45
513,3552.594387147466,2100.0,3722.3984706864658,2800.0,38.0,2.0,587.4561179993851,961.5544607968097,45
514,3500.0,1988.2957057454687,3552.594387147466,2100.0,27.0,1.0,136.41917020663425,1097.973631003444,45
515,3025.8041349694677,1400.0,3500.0,1988.2957057454687,26.0,2.0,1015.5168059936299,2113.490436997074,45
516,2800.0,1053.9915714582908,3025.8041349694677,1400.0,15.0,1.0,796.6731530352049,2910.163590032279,45
517,2100.0,752.3758312538116,2800.0,1053.9915714582908,14.0,1.0,1449.2545162807526,4359.418106313032,45
518,1972.3645600979626,700.0,2100.0,752.3758312538116,13.0,2.0,186.5922933950704,4546.010399708102,45
519,1400.0,440.65432918794943,1972.3645600979626,700.0,2.0,1.0,1181.375188117843,5727.385587825946,45
520,700.0,280.33874000161535,1400.0,440.65432918794943,1.0,1.0,914.7025784589292,6642.088166284875,45
521,,,,,,,215.47222497059244,6857.560391255468,45
522,3791.666666666667,3500.0,3791.666666666667,3500.0,60.0,2.0,69.81300089047195,69.81300089047195,46
523,3802.4954694672138,2800.0,3791.666666666667,3500.0,49.0,2.0,304.2853419069526,374.0983427974246,46
524,3695.2998978582837,2100.0,3802.4954694672138,2800.0,38.0,2.0,587.4561179993851,961.5544607968097,46
525,3500.0,1685.2059803059615,3695.2998978582837,2100.0,27.0,1.0,657.2883110449578,1618.8427718417674,46
526,3270.1096655606484,1400.0,3500.0,1685.2059803059615,26.0,2.0,521.9499741018342,2140.7927459436014,46
527,2832.793014348356,700.0,3270.1096655606484,1400.0,15.0,2.0,2067.0083802557847,4207.801126199386,46
528,2800.0,667.6451527412335,2832.793014348356,700.0,4.0,1.0,158.92049116218365,4366.72161736157,46
529,2100.0,426.1566839751574,2800.0,667.6451527412335,3.0,1.0,2625.013781740569,6991.735399102139,46
530,1400.0,233.05966368155234,2100.0,426.1566839751574,2.0,1.0,1540.5026103607006,8532.238009462839,46
531,700.0,148.26962572247743,1400.0,233.05966368155234,1.0,1.0,914.7025784589292,9446.940587921768,46
532,,,,,,,215.47222497059244,9662.41281289236,46
533,3830.5555555555557,3500.0,3830.5555555555557,3500.0,60.0,2.0,69.81300089047195,69.81300089047195,47
534,3882.592468247961,2800.0,3830.5555555555557,3500.0,49.0,2.0,304.2853419069526,374.0983427974246,47
535,3838.0054085691,2100.0,3882.592468247961,2800.0,38.0,2.0,587.4561179993851,961.5544607968097,47
536,3558.4056916647232,1400.0,3838.0054085691,2100.0,27.0,2.0,1799.2703363211194,2760.824797117929,47
537,3500.0,1151.10086526873,3558.4056916647232,1400.0,16.0,1.0,2217.263554950564,4978.088352068493,47
538,3435.542376357838,700.0,3500.0,1151.10086526873,15.0,2.0,1523.270324794739,6501.358676863232,47
539,2800.0,72.94948567123674,3435.542376357838,700.0,4.0,1.0,7593.878427397739,14095.23710426097,47
540,2100.0,46.563523727695795,2800.0,72.94948567123674,3.0,1.0,2625.013781740569,16720.25088600154,47
541,1400.0,25.464998175265936,2100.0,46.563523727695795,2.0,1.0,1540.5026103607006,18260.753496362242,47
542,700.0,16.200511443409898,1400.0,25.464998175265936,1.0,1.0,914.7025784589292,19175.45607482117,47
543,,,,,,,215.47222497059244,19390.92829979176,47
544,3869.4444444444443,3500.0,3869.4444444444443,3500.0,60.0,2.0,69.81300089047195,69.81300089047195,48
545,3962.689467028708,2800.0,3869.4444444444443,3500.0,49.0,2.0,304.2853419069526,374.0983427974246,48
546,3980.7109192799157,2100.0,3962.689467028708,2800.0,38.0,2.0,587.4561179993851,961.5544607968097,48
547,4200.0,1530.41032223291,3980.7109192799157,2100.0,27.0,3.0,1107.3840999081604,2068.93856070497,48
548,4263.349646889835,1400.0,4200.0,1530.41032223291,28.0,2.0,191.60557378974733,2260.544134494717,48
549,4451.072345968237,700.0,4263.349646889835,1400.0,17.0,2.0,1456.6247829244592,3717.168917419176,48
550,4900.0,307.2207525743426,4451.072345968237,700.0,6.0,3.0,1836.330809581789,5553.499727000965,48
551,5600.0,182.180947305469,4900.0,307.2207525743426,7.0,3.0,1485.416214346002,7038.915941346968,48
552,6300.0,136.19434776109813,5600.0,182.180947305469,8.0,3.0,996.7868240581931,8035.702765405161,48
553,7000.0,97.09597629965064,6300.0,136.19434776109813,9.0,3.0,726.7947906971621,8762.497556102322,48
554,,,,,,,363.6093796378748,9126.106935740198,48
555,3908.333333333333,3500.0,3908.333333333333,3500.0,60.0,2.0,69.81300089047195,69.81300089047195,49
556,4042.786465809455,2800.0,3908.333333333333,3500.0,49.0,2.0,304.2853419069526,374.0983427974246,49
557,4123.416429990732,2100.0,4042.786465809455,2800.0,38.0,2.0,587.4561179993851,961.5544607968097,49
558,4200.0,1901.078964713647,4123.416429990732,2100.0,27.0,3.0,258.87844777767975,1220.4329085744894,49
559,4443.409991901146,1400.0,4200.0,1901.078964713647,28.0,2.0,795.1765274806437,2015.609436055133,49
560,4851.306244220515,700.0,4443.409991901146,1400.0,17.0,2.0,1456.6247829244592,3472.2342189795922,49
561,4900.0,657.3964834252762,4851.306244220515,700.0,6.0,3.0,140.02044088227638,3612.2546598618687,49
562,5600.0,389.83406264757326,4900.0,657.3964834252762,7.0,3.0,1485.416214346002,5097.670874207871,49
563,6300.0,291.43111111570926,5600.0,389.83406264757326,8.0,3.0,996.7868240581931,6094.457698266064,49
564,7000.0,207.76771373440442,6300.0,291.43111111570926,9.0,3.0,726.7947906971621,6821.252488963226,49
565,,,,,,,363.6093796378748,7184.8618686011005,49
566,3947.222222222222,3500.0,3947.222222222222,3500.0,60.0,2.0,69.81300089047195,69.81300089047195,50
567,4122.883464590203,2800.0,3947.222222222222,3500.0,49.0,2.0,304.2853419069526,374.0983427974246,50
568,4200.0,2327.427163893057,4122.883464590203,2800.0,38.0,3.0,357.2677247141634,731.366067511588,50
569,4313.00807686752,2100.0,4200.0,2327.427163893057,39.0,2.0,426.73087597152875,1158.0969434831168,50
570,4623.470336912508,1400.0,4313.00807686752,2100.0,28.0,2.0,1163.0879039800454,2321.1848474631624,50
571,4900.0,954.6855095029414,4623.470336912508,1400.0,17.0,3.0,785.473399346955,3106.6582468101174,50
572,5348.127676152294,700.0,4900.0,954.6855095029414,18.0,2.0,1133.1441958615071,4239.802442671625,50
573,5600.0,597.4871779896674,5348.127676152294,700.0,7.0,3.0,450.1094511728183,4689.911893844443,50
574,6300.0,446.6678744703128,5600.0,597.4871779896674,8.0,3.0,996.7868240581931,5686.6987179026355,50
575,7000.0,318.4394511691528,6300.0,446.6678744703128,9.0,3.0,726.7947906971621,6413.493508599798,50
576,,,,,,,363.6093796378748,6777.102888237672,50
577,3986.1111111111113,3500.0,3986.1111111111113,3500.0,60.0,2.0,69.81300089047195,69.81300089047195,51
578,4200.0,2804.704078255741,3986.1111111111113,3500.0,49.0,3.0,301.2970899650878,371.11009085555975,51
579,4207.468047880993,2800.0,4200.0,2804.704078255741,50.0,2.0,7.5137326812762355,378.62382353683597,51
580,4556.904053796198,2100.0,4207.468047880993,2800.0,39.0,2.0,1230.6959399108266,1609.3197634476626,51
581,4803.530681923853,1400.0,4556.904053796198,2100.0,28.0,2.0,1163.0879039800454,2772.407667427708,51
582,4900.0,1244.6489076505236,4803.530681923853,1400.0,17.0,3.0,237.44766955241533,3009.8553369801234,51
583,5600.0,899.629920497395,4900.0,1244.6489076505236,18.0,3.0,1876.410758756598,4886.266095736722,51
584,5911.3844862544565,700.0,5600.0,899.629920497395,19.0,2.0,1012.2873443161412,5898.553440052863,51
585,6300.0,601.9046378248257,5911.3844862544565,700.0,8.0,3.0,517.3156427651188,6415.869082817982,51
586,7000.0,429.1111886038366,6300.0,601.9046378248257,9.0,3.0,726.7947906971621,7142.663873515145,51
587,,,,,,,363.6093796378748,7506.273253153019,51
588,4025.0,3500.0,4025.0,3500.0,60.0,2.0,69.81300089047195,69.81300089047195,52
589,4200.0,2931.121518572878,4025.0,3500.0,49.0,3.0,228.03381545385784,297.8468163443298,52
590,4408.164432157645,2800.0,4200.0,2931.121518572878,50.0,2.0,209.09535396641124,506.94217031074106,52
591,4800.800030724867,2100.0,4408.164432157645,2800.0,39.0,2.0,1230.6959399108266,1737.6381102215678,52
592,4900.0,1773.1097704510157,4800.800030724867,2100.0,28.0,3.0,587.1961963812599,2324.834306602828,52
593,5343.132750464066,1400.0,4900.0,1773.1097704510157,29.0,2.0,2824.3971743745437,5149.231480977372,52
594,5600.0,1293.9009805560722,5343.132750464066,1400.0,18.0,3.0,757.1289288819218,5906.360409859293,52
595,6300.0,871.5961330179235,5600.0,1293.9009805560722,19.0,3.0,2385.78598149861,8292.146391357903,52
596,6441.903612024192,700.0,6300.0,871.5961330179235,20.0,2.0,525.3342948921114,8817.480686250014,52
597,7000.0,539.782926038562,6441.903612024192,700.0,9.0,3.0,558.2539040042857,9375.734590254298,52
598,,,,,,,363.6093796378748,9739.343969892174,52
599,4063.8888888888887,3500.0,4063.8888888888887,3500.0,60.0,2.0,69.81300089047195,69.81300089047195,53
600,4200.0,3057.5389588900157,4063.8888888888887,3500.0,49.0,3.0,165.64697479449018,235.45997568496213,53
601,4608.860816434242,2800.0,4200.0,3057.5389588900157,50.0,2.0,410.0194812173821,645.4794569023443,53
602,4900.0,2303.1829601816694,4608.860816434242,2800.0,39.0,3.0,848.1059872701153,1493.5854441724596,53
603,5458.689511375242,2100.0,4900.0,2303.1829601816694,40.0,2.0,1335.2375295280485,2828.822973700508,53
604,5600.0,1980.7660181803567,5458.689511375242,2100.0,29.0,3.0,894.7138152289773,3723.5367889294853,53
605,6191.9021370128885,1400.0,5600.0,1980.7660181803567,30.0,2.0,2615.7386121384498,6339.275401067935,53
606,6300.0,1337.7735060617115,6191.9021370128885,1400.0,19.0,3.0,395.5408347904807,6734.816235858415,53
607,6827.414939787913,700.0,6300.0,1337.7735060617115,20.0,2.0,1940.7015797140302,8675.517815572446,53
608,7000.0,650.4546634732278,6827.414939787913,700.0,9.0,3.0,157.67072355355168,8833.188539125998,53
609,,,,,,,363.6093796378748,9196.797918763874,53
610,4102.777777777777,3500.0,4102.777777777777,3500.0,60.0,2.0,69.81300089047195,69.81300089047195,54
611,4200.0,3183.9563992071526,4102.777777777777,3500.0,49.0,3.0,111.32075835021384,181.13375924068578,54
612,4809.55720071084,2800.0,4200.0,3183.9563992071526,50.0,2.0,610.2903895595808,791.4241488002666,54
613,4900.0,2645.663083665355,4809.55720071084,2800.0,39.0,3.0,251.47737609204054,1042.9015248923072,54
614,5600.0,2312.786847022172,4900.0,2645.663083665355,40.0,3.0,1624.748476824564,2667.650001716871,54
615,5917.105670639154,2100.0,5600.0,2312.786847022172,41.0,2.0,696.1998069968919,3363.8498087137627,54
616,6300.0,1720.458512519745,5917.105670639154,2100.0,30.0,3.0,1333.1753195429928,4697.025128256755,54
617,6628.020381439431,1400.0,6300.0,1720.458512519745,31.0,2.0,1042.0065377845585,5739.031666041314,54
618,7000.0,951.8789074502633,6628.020381439431,1400.0,20.0,3.0,1358.0297568260396,7097.061422867353,54
619,7085.486330378842,700.0,7000.0,951.8789074502633,21.0,2.0,330.9335654997097,7427.994988367062,54
620,,,,,,,363.6093796378748,7791.604368004937,54
621,4141.666666666667,3500.0,4141.666666666667,3500.0,60.0,2.0,69.81300089047195,69.81300089047195,55
622,4200.0,3310.3738395242935,4141.666666666667,3500.0,49.0,3.0,63.20856218532885,133.0215630758008,55
623,4900.0,2868.6630045202223,4200.0,3310.3738395242935,50.0,3.0,700.3290692074473,833.3506322832482,55
624,5157.14565344734,2800.0,4900.0,2868.6630045202223,51.0,2.0,276.28944214375315,1109.6400744270013,55
625,5600.0,2563.1410549601933,5157.14565344734,2800.0,40.0,3.0,967.3030126957708,2076.9430871227723,55
626,6290.196113570781,2100.0,5600.0,2563.1410549601933,41.0,2.0,1742.3634611516297,3819.3065482744023,55
627,6300.0,2090.2819620111795,6290.196113570781,2100.0,30.0,3.0,28.96621402180644,3848.272762296209,55
628,7000.0,1409.24153756045,6300.0,2090.2819620111795,31.0,3.0,2458.641698401537,6306.914460697746,55
629,7004.066696213538,1400.0,7000.0,1409.24153756045,32.0,2.0,17.283806624393716,6324.19826732214,55
630,7240.262672015418,700.0,7004.066696213538,1400.0,21.0,2.0,1053.4007877579552,7377.599055080095,55
631,,,,,,,363.6093796378748,7741.20843471797,55
632,4180.555555555556,3500.0,4180.555555555556,3500.0,60.0,2.0,69.81300089047195,69.81300089047195,56
633,4200.0,3436.7912798414313,4180.555555555556,3500.0,49.0,3.0,20.03362049497999,89.84662138545194,56
634,4900.0,2993.651382379753,4200.0,3436.7912798414313,50.0,3.0,700.3290692074473,790.1756905928993,56
635,5600.0,2811.1057300144175,4900.0,2993.651382379753,51.0,3.0,884.8115901190968,1674.987280711996,56
636,5648.8877391148235,2800.0,5600.0,2811.1057300144175,52.0,2.0,81.05492974893632,1756.0422104609322,56
637,6300.0,2502.9229208919587,5648.8877391148235,2800.0,41.0,3.0,1675.7224327176102,3431.7646431785424,56
638,6836.239387577128,2100.0,6300.0,2502.9229208919587,42.0,2.0,2175.8762189934823,5607.640862172025,56
639,7000.0,1941.6744965477799,6836.239387577128,2100.0,31.0,3.0,660.5536703855367,6268.194532557562,56
640,7238.3613776032535,1400.0,7000.0,1941.6744965477799,32.0,2.0,1234.9102253475876,7503.104757905149,56
641,7395.039013651968,700.0,7238.3613776032535,1400.0,21.0,2.0,1053.4007877579552,8556.505545663105,56
642,,,,,,,363.6093796378748,8920.11492530098,56
